,Unnamed: 0,Unnamed: 0.1,Unnamed: 0.1.1,Problem,Rationale,options,correct,annotated_formula,linear_formula,category,prompt,text,clean,cluster,gpt_generated,gpt_score,s_gptscore,n_gptscore,generated,score,s_score,n_score,generated_clean,loss,labels
0,0,20,64,"in one hour , a boat goes 19 km along the stream and 5 km against the stream . the speed of the boat in still water ( in km / hr ) is :","""sol . speed in still water = 1 / 2 ( 19 + 5 ) kmph = 12 kmph . answer d""","a ) 2 , b ) 4 , c ) 7 , d ) 12 , e ) 15",d,"divide(add(19, 5), const_2)","add(n0,n1)|divide(#0,const_2)|",physics,Category: physics # sol . speed in still water = 1 / 2 ( 19 + 5 ) kmph = 12 kmph . answer d # ,"Category: physics # sol . speed in still water = 1 / 2 ( 19 + 5 ) kmph = 12 kmph . answer d # in one hour , a boat goes 19 km along the stream and 5 km against the stream . the speed of the boat in still water ( in km / hr ) is :",category physics sol speed still water 1 2 19 5 kmph 12 kmph answer one hour boat goes 19 km along stream 5 km stream speed boat still water km hr,3,['Category: physics # sol. speed in still water = 1 / 2 ( 19 + 5 ) kmph = 12 kmph. answer d # ƫ goes at a speed of 19 km / hr and goes at 5 km / hr. after 15 minutes he goes 10 km / hr. what is his speed in km per hour?'],"(0.5, 2.0)",0.5,2.0,"['Category: physics # sol. speed in still water = 1 / 2 ( 19 + 5 ) kmph = 12 kmph. answer d # ˆ š 90000 - c = 15 kmph. answer c # in one hour, a boat goes 21 km along the stream and 5 km against the stream. the speed of the boat in still water ( in km / hr ) is :']","(0.85, 4.0)",0.85,4.0,category physic sol speed still water 1 2 19 5 kmph 12 kmph answer ˆ š 90000 c 15 kmph answer c one hour boat go 21 km along stream 5 km stream speed boat still water km hr,0.3333333333333333,0.1515432098765432
1,1,22,72,"if soundharya rows 49 km upstream and 77 km down steam taking 7 hours each , then the speed of the stream",speed upstream = 49 / 7 = 7 kmph speed down stream = 77 / 7 = 11 kmph speed of stream = ½ ( 11 - 7 ) = 2 kmph answer : c,"a ) 6 kmph , b ) 5 kmph , c ) 2 kmph , d ) 3 kmph , e ) 4 kmph",c,"divide(subtract(77, 49), multiply(7, const_2))","multiply(n2,const_2)|subtract(n1,n0)|divide(#1,#0)",physics,Category: physics # speed upstream = 49 / 7 = 7 kmph speed down stream = 77 / 7 = 11 kmph speed of stream = ½ ( 11 - 7 ) = 2 kmph answer : c # ,"Category: physics # speed upstream = 49 / 7 = 7 kmph speed down stream = 77 / 7 = 11 kmph speed of stream = ½ ( 11 - 7 ) = 2 kmph answer : c # if soundharya rows 49 km upstream and 77 km down steam taking 7 hours each , then the speed of the stream",category physics speed upstream 49 7 7 kmph speed stream 77 7 11 kmph speed stream ½ 11 7 2 kmph answer c soundharya rows 49 km upstream 77 km steam taking 7 hours speed stream,3,['Category: physics # speed upstream = 49 / 7 = 7 kmph speed down stream = 77 / 7 = 11 kmph speed of stream = ½ ( 11 - 7 ) = 2 kmph answer : c # т current is the speed of a boat in still water. the sped of the boat in current is 49 km / hr and the speed of the stream is 77 km / hr. the distance against the stream in which the man rows to the nearest place is?'],"(0.6, 1.0)",0.6,1.0,['Category: physics # speed upstream = 49 / 7 = 7 kmph speed down stream = 77 / 7 = 11 kmph speed of stream = ½ ( 11 - 7 ) = 2 kmph answer : c # ˆ š 25 - - - 7 us = 5? - - - 1 s =? s = ( 19 - 5 ) / 2 = 3.5 answer : option c # a man swims downstream 48 km and upstream 48 km taking 7 hours each time ; what is the speed of the current?'],"(0.6, 9.0)",0.6,9.0,category physic speed upstream 49 7 7 kmph speed stream 77 7 11 kmph speed stream ½ 11 7 2 kmph answer c ˆ š 25 7 u 5 1 19 5 2 35 answer option c man swim downstream 48 km upstream 48 km taking 7 hour time speed current,0.6190476190476191,0.35833333333333334
2,2,99,422,"a boat can travel with a speed of 12 km / hr in still water . if the speed of the stream is 4 km / hr , find the time taken by the boat to go 68 km downstream .","""speed of boat in still water = 12 km / hr speed of the stream = 4 km / hr speed downstream = ( 12 + 4 ) = 16 km / hr time taken to travel 68 km downstream = 68 ⁄ 16 = 17 ⁄ 4 = 4.25 hours answer is a""","a ) 4.25 hr , b ) 5.25 hr , c ) 8.25 hr , d ) 2.25 hr , e ) 2.50 hr",a,"divide(68, add(12, 4))","add(n0,n1)|divide(n2,#0)|",physics,Category: physics # speed of boat in still water = 12 km / hr speed of the stream = 4 km / hr speed downstream = ( 12 + 4 ) = 16 km / hr time taken to travel 68 km downstream = 68 ⁄ 16 = 17 ⁄ 4 = 4.25 hours answer is a # ,"Category: physics # speed of boat in still water = 12 km / hr speed of the stream = 4 km / hr speed downstream = ( 12 + 4 ) = 16 km / hr time taken to travel 68 km downstream = 68 ⁄ 16 = 17 ⁄ 4 = 4.25 hours answer is a # a boat can travel with a speed of 12 km / hr in still water . if the speed of the stream is 4 km / hr , find the time taken by the boat to go 68 km downstream .",category physics speed boat still water 12 km hr speed stream 4 km hr speed downstream 12 4 16 km hr time taken travel 68 km downstream 68 16 17 4 425 hours answer boat travel speed 12 km hr still water speed stream 4 km hr find time taken boat go 68 km downstream,3,"['Category: physics # speed of boat in still water = 12 km / hr speed of the stream = 4 km / hr speed downstream = ( 12 + 4 ) = 16 km / hr time taken to travel 68 km downstream = 68 ⁄ 16 = 17 ⁄ 4 = 4.25 hours answer is a # ʵ man goes downstream 12 km / hr and upstream 4 km / hr, taking 4 hours each time. what time will he take to go 68 km upstream?']","(0.65, 2.0)",0.65,2.0,"['Category: physics # speed of boat in still water = 12 km / hr speed of the stream = 4 km / hr speed downstream = ( 12 + 4 ) = 16 km / hr time taken to travel 68 km downstream = 68 ⁄ 16 = 17 ⁄ 4 = 4.25 hours answer is a # ˆ š ’ 3 * 2 * 32 = 982 answer : c # a boat can travel with a speed of 12 km / hr in still water. if the speed of the stream is 4 km / hr, find the time taken by the boat to go 68 km downstream.']","(0.9, 7.0)",0.9,7.0,category physic speed boat still water 12 km hr speed stream 4 km hr speed downstream 12 4 16 km hr time taken travel 68 km downstream 68 16 17 4 425 hour answer ˆ š 3 2 32 982 answer c boat travel speed 12 km hr still water speed stream 4 km hr find time taken boat go 68 km downstream,0.6666666666666666,0.24444444444444446
3,3,115,497,"a man can row upstream at 25 kmph and downstream at 43 kmph , and then find the speed of the man in still water ?","""us = 25 ds = 43 m = ( 43 + 25 ) / 2 = 34 answer : b""","a ) 86 , b ) 34 , c ) 30 , d ) 15 , e ) 17",b,"divide(add(25, 43), const_2)","add(n0,n1)|divide(#0,const_2)|",physics,Category: physics # us = 25 ds = 43 m = ( 43 + 25 ) / 2 = 34 answer : b # ,"Category: physics # us = 25 ds = 43 m = ( 43 + 25 ) / 2 = 34 answer : b # a man can row upstream at 25 kmph and downstream at 43 kmph , and then find the speed of the man in still water ?",category physics us 25 ds 43 43 25 2 34 answer b man row upstream 25 kmph downstream 43 kmph find speed man still water,3,"['Category: physics # us = 25 ds = 43 m = ( 43 + 25 ) / 2 = 34 answer : b # ƫ of a railway track is 25 kmph. it crosses a man in the same direction in which the train is going, then find the speed of the train?']","(0.64, 1.0)",0.64,1.0,"['Category: physics # us = 25 ds = 43 m = ( 43 + 25 ) / 2 = 34 answer : b # ˆ Œ x = 12, y = 6. answer : c # a man can row upstream at 25 kmph and downstream at 39 kmph, and then find the speed of the man in still water?']","(0.82, 1.0)",0.82,1.0,category physic u 25 d 43 43 25 2 34 answer b ˆ œ x 12 6 answer c man row upstream 25 kmph downstream 39 kmph find speed man still water,0.3809523809523809,0.1515432098765432
4,4,131,564,speed of a boat in standing water is 10 kmph and speed of the stream is 2.5 kmph . a man can rows to a place at a distance of 105 km and comes back to the starting point . the total time taken by him is ?,"""speed upstream = 7.5 kmph speed downstream = 12.5 kmph total time taken = 105 / 7.5 + 105 / 12.5 = 22.4 hours answer is b""","a ) 23.4 hours , b ) 22.4 hours , c ) 21.4 hours , d ) 20.4 hours , e ) 19.4 hours",b,"add(multiply(add(add(10, 2.5), subtract(10, 2.5)), 105), multiply(subtract(add(divide(105, add(10, 2.5)), divide(105, subtract(10, 2.5))), add(add(10, 2.5), subtract(10, 2.5))), const_60))","add(n0,n1)|subtract(n0,n1)|add(#0,#1)|divide(n2,#0)|divide(n2,#1)|add(#3,#4)|multiply(n2,#2)|subtract(#5,#2)|multiply(#7,const_60)|add(#6,#8)|",physics,Category: physics # speed upstream = 7.5 kmph speed downstream = 12.5 kmph total time taken = 105 / 7.5 + 105 / 12.5 = 22.4 hours answer is b # ,Category: physics # speed upstream = 7.5 kmph speed downstream = 12.5 kmph total time taken = 105 / 7.5 + 105 / 12.5 = 22.4 hours answer is b # speed of a boat in standing water is 10 kmph and speed of the stream is 2.5 kmph . a man can rows to a place at a distance of 105 km and comes back to the starting point . the total time taken by him is ?,category physics speed upstream 75 kmph speed downstream 125 kmph total time taken 105 75 105 125 224 hours answer b speed boat standing water 10 kmph speed stream 25 kmph man rows place distance 105 km comes back starting point total time taken,3,['Category: physics # speed upstream = 7.5 kmph speed downstream = 12.5 kmph total time taken = 105 / 7.5 + 105 / 12.5 = 22.4 hours answer is b # ʵ œ goes 10 kmph in still water at the rate of 21 kmph. a boatman rows to place at the rate of 12.5 kmph and comes back to the port. in what time will the boatman be 105 km ahead of the port?'],"(0.46, 2.0)",0.46,2.0,"['Category: physics # speed upstream = 7.5 kmph speed downstream = 12.5 kmph total time taken = 105 / 7.5 + 105 / 12.5 = 22.4 hours answer is b # ˆ š ’ x / 8.5 + x / 4.5 = 26 = > x / 8.5 + x / 8.5 = 26 = 5 = > ( 2 x + 3 x ) / 40 = ( 2 ) = > x = 29 km. answer : a # a man can row at 7 kmph in still water. when the river is running at 1.5 kmph, it takes him 50 minutes to row to a place and back. what is the total distance traveled by the man?']","(0.48, 10.0)",0.48,10.0,category physic speed upstream 75 kmph speed downstream 125 kmph total time taken 105 75 105 125 224 hour answer b ˆ š x 85 x 45 26 x 85 x 85 26 5 2 x 3 x 40 2 x 29 km answer man row 7 kmph still water river running 15 kmph take 50 minute row place back total distance traveled man,0.4761904761904761,0.4762345679012346
5,5,160,675,"a man can row upstream at 40 kmph and downstream at 52 kmph , and then find the speed of the man in still water ?","""us = 40 ds = 52 m = ( 40 + 52 ) / 2 = 46 answer : d""","a ) 27 , b ) 40 , c ) 42 , d ) 46 , e ) 24",d,"divide(add(40, 52), const_2)","add(n0,n1)|divide(#0,const_2)|",physics,Category: physics # us = 40 ds = 52 m = ( 40 + 52 ) / 2 = 46 answer : d # ,"Category: physics # us = 40 ds = 52 m = ( 40 + 52 ) / 2 = 46 answer : d # a man can row upstream at 40 kmph and downstream at 52 kmph , and then find the speed of the man in still water ?",category physics us 40 ds 52 40 52 2 46 answer man row upstream 40 kmph downstream 52 kmph find speed man still water,3,['Category: physics # us = 40 ds = 52 m = ( 40 + 52 ) / 2 = 46 answer : d # ƫ ’ s chances of landing in a boat or on the stream can be determined by :'],"(0.7, 2.0)",0.7,2.0,['Category: physics # us = 40 ds = 52 m = ( 40 + 52 ) / 2 = 46 answer : d # ˆ š ll water is flowing at the rate of 40 kmph the amount of water that runs into the sea per minute is?'],"(0.65, 1.0)",0.65,1.0,category physic u 40 d 52 40 52 2 46 answer ˆ š water flowing rate 40 kmph amount water run sea per minute,0.3809523809523809,0.05061728395061729
6,6,163,684,a boatman selling a boat along river flow . if he sell boat in steal water at 3 m / sec and flow of river is 2 m / sec . how much time he will take to sell 100 m .,net speed = 3 + 2 = 5 m / sec distance = 100 m time = 100 / 5 = 20 sec answer d,"a ) 30 , b ) 10 , c ) 15 , d ) 20 , e ) 25",d,"divide(100, add(3, 2))","add(n0,n1)|divide(n2,#0)",physics,Category: physics # net speed = 3 + 2 = 5 m / sec distance = 100 m time = 100 / 5 = 20 sec answer d # ,Category: physics # net speed = 3 + 2 = 5 m / sec distance = 100 m time = 100 / 5 = 20 sec answer d # a boatman selling a boat along river flow . if he sell boat in steal water at 3 m / sec and flow of river is 2 m / sec . how much time he will take to sell 100 m .,category physics net speed 3 2 5 sec distance 100 time 100 5 20 sec answer boatman selling boat along river flow sell boat steal water 3 sec flow river 2 sec much time take sell 100,3,['Category: physics # net speed = 3 + 2 = 5 m / sec distance = 100 m time = 100 / 5 = 20 sec answer d # т moves at 3 km / hr and reaches his destiny in 10 seconds. what time will he take to pass the finish of the 200 metre race?'],"(0.49, 2.0)",0.49,2.0,['Category: physics # net speed = 3 + 2 = 5 m / sec distance = 100 m time = 100 / 5 = 20 sec answer d # ˆ š 25 m deep and the rate of current is 2 kmph. the distance travelled downstream in 12 minutes is'],"(0.53, 2.0)",0.53,2.0,category physic net speed 3 2 5 sec distance 100 time 100 5 20 sec answer ˆ š 25 deep rate current 2 kmph distance travelled downstream 12 minute,0.4761904761904761,0.08179012345679013
7,7,177,759,"a man can row 5 kmph in still water . when the river is running at 2 kmph , it takes him 1 hour to row to a place and black . what is the total distance traveled by the man ?","""m = 5 s = 2 ds = 7 us = 3 x / 7 + x / 3 = 1 x = 2.1 d = 2.1 * 2 = 4.2 answer : d""","a ) 5.75 , b ) 5.7 , c ) 5.76 , d ) 4.2 , e ) 5.71",d,"multiply(divide(multiply(add(5, 2), subtract(5, 2)), add(add(5, 2), subtract(5, 2))), const_2)","add(n0,n1)|subtract(n0,n1)|add(#0,#1)|multiply(#0,#1)|divide(#3,#2)|multiply(#4,const_2)|",physics,Category: physics # m = 5 s = 2 ds = 7 us = 3 x / 7 + x / 3 = 1 x = 2.1 d = 2.1 * 2 = 4.2 answer : d # ,"Category: physics # m = 5 s = 2 ds = 7 us = 3 x / 7 + x / 3 = 1 x = 2.1 d = 2.1 * 2 = 4.2 answer : d # a man can row 5 kmph in still water . when the river is running at 2 kmph , it takes him 1 hour to row to a place and black . what is the total distance traveled by the man ?",category physics 5 2 ds 7 us 3 x 7 x 3 1 x 21 21 2 42 answer man row 5 kmph still water river running 2 kmph takes 1 hour row place black total distance traveled man,3,['Category: physics # m = 5 s = 2 ds = 7 us = 3 x / 7 + x / 3 = 1 x = 2.1 d = 2.1 * 2 = 4.2 answer : d # ƫ can walk 5 kmph in still water. she takes 3 hours a day to row to work and back. the distance between her starting point and starting point is?'],"(0.49, 2.0)",0.49,2.0,"['Category: physics # m = 5 s = 2 ds = 7 us = 3 x / 7 + x / 3 = 1 x = 2.1 d = 2.1 * 2 = 4.2 answer : d # ˆ š 25 - b ) kmph, what is the speed of the man in still water?']","(0.8, 3.0)",0.8,3.0,category physic 5 2 d 7 u 3 x 7 x 3 1 x 21 21 2 42 answer ˆ š 25 b kmph speed man still water,0.6666666666666666,0.11265432098765432
8,8,219,918,"a boat running upstream takes 8 hours 48 minutes to cover a certain distance , while it takes 4 hours to cover the same distance running downstream . what is the ratio between the speed of the boat and speed of the water current respectively ?","let the man ' s rate upstream be x kmph and that downstream be y kmph . then , distance covered upstream in 8 hrs 48 min = distance covered downstream in 4 hrs . 44 * x / 5 = 4 * y y = 11 / 5 * x required ratio = ( y + x ) / 2 : ( y - x ) / 2 = 8 / 5 : 3 / 5 = 8 / 3 ans - b","a ) 8 / 5 , b ) 8 / 3 , c ) 3 / 5 , d ) 5 / 8 , e ) 5 / 3",b,"divide(divide(add(divide(add(divide(48, const_60), 8), 4), const_1), const_2), divide(subtract(divide(add(divide(48, const_60), 8), 4), const_1), const_2))","divide(n1,const_60)|add(n0,#0)|divide(#1,n2)|add(#2,const_1)|subtract(#2,const_1)|divide(#3,const_2)|divide(#4,const_2)|divide(#5,#6)",physics,"Category: physics # let the man ' s rate upstream be x kmph and that downstream be y kmph . then , distance covered upstream in 8 hrs 48 min = distance covered downstream in 4 hrs . 44 * x / 5 = 4 * y y = 11 / 5 * x required ratio = ( y + x ) / 2 : ( y - x ) / 2 = 8 / 5 : 3 / 5 = 8 / 3 ans - b # ","Category: physics # let the man ' s rate upstream be x kmph and that downstream be y kmph . then , distance covered upstream in 8 hrs 48 min = distance covered downstream in 4 hrs . 44 * x / 5 = 4 * y y = 11 / 5 * x required ratio = ( y + x ) / 2 : ( y - x ) / 2 = 8 / 5 : 3 / 5 = 8 / 3 ans - b # a boat running upstream takes 8 hours 48 minutes to cover a certain distance , while it takes 4 hours to cover the same distance running downstream . what is the ratio between the speed of the boat and speed of the water current respectively ?",category physics let man rate upstream x kmph downstream kmph distance covered upstream 8 hrs 48 min distance covered downstream 4 hrs 44 x 5 4 11 5 x required ratio x 2 x 2 8 5 3 5 8 3 ans b boat running upstream takes 8 hours 48 minutes cover certain distance takes 4 hours cover distance running downstream ratio speed boat speed water current respectively,3,"[""Category: physics # let the man's rate upstream be x kmph and that downstream be y kmph. then, distance covered upstream in 8 hrs 48 min = distance covered downstream in 4 hrs. 44 * x / 5 = 4 * y y = 11 / 5 * x required ratio = ( y + x ) / 2 : ( y - x ) / 2 = 8 / 5 : 3 / 5 = 8 / 3 ans - b # ʼ s rate is 1 kmph and the speed of the stream is 18 kmph. what is the ratio between the speed of the boat in still water to the speed of the stream?""]","(0.68, 3.0)",0.68,3.0,"[""Category: physics # let the man's rate upstream be x kmph and that downstream be y kmph. then, distance covered upstream in 8 hrs 48 min = distance covered downstream in 4 hrs. 44 * x / 5 = 4 * y y = 11 / 5 * x required ratio = ( y + x ) / 2 : ( y - x ) / 2 = 8 / 5 : 3 / 5 = 8 / 3 ans - b # ˆ š 9 m deep and 25 m wide is flowing at the rate of 4 kmph the amount of water that runs into the sea per minute is?""]","(0.73, 2.0)",0.73,2.0,category physic let man rate upstream x kmph downstream kmph distance covered upstream 8 hr 48 min distance covered downstream 4 hr 44 x 5 4 11 5 x required ratio x 2 x 2 8 5 3 5 8 3 an b ˆ š 9 deep 25 wide flowing rate 4 kmph amount water run sea per minute,0.9047619047619048,0.08179012345679013
9,9,221,924,"a man can row at 5 kmph in still water . if the velocity of current is 1 kmph and it takes him 1 hour to row to a place and come back , how far is the place ?","""explanation : speed in still water = 5 kmph speed of the current = 1 kmph speed downstream = ( 5 + 1 ) = 6 kmph speed upstream = ( 5 - 1 ) = 4 kmph let the requited distance be x km total time taken = 1 hour = > x / 6 + x / 4 = 1 = > 2 x + 3 x = 12 = > 5 x = 12 = > x = 2.4 km . answer : option c""","a ) 3.2 km , b ) 3 km , c ) 2.4 km , d ) 3.6 km , e ) none of these",c,"divide(multiply(subtract(5, 1), const_3), 5)","subtract(n0,n1)|multiply(#0,const_3)|divide(#1,n0)|",physics,Category: physics # explanation : speed in still water = 5 kmph speed of the current = 1 kmph speed downstream = ( 5 + 1 ) = 6 kmph speed upstream = ( 5 - 1 ) = 4 kmph let the requited distance be x km total time taken = 1 hour = > x / 6 + x / 4 = 1 = > 2 x + 3 x = 12 = > 5 x = 12 = > x = 2.4 km . answer : option c # ,"Category: physics # explanation : speed in still water = 5 kmph speed of the current = 1 kmph speed downstream = ( 5 + 1 ) = 6 kmph speed upstream = ( 5 - 1 ) = 4 kmph let the requited distance be x km total time taken = 1 hour = > x / 6 + x / 4 = 1 = > 2 x + 3 x = 12 = > 5 x = 12 = > x = 2.4 km . answer : option c # a man can row at 5 kmph in still water . if the velocity of current is 1 kmph and it takes him 1 hour to row to a place and come back , how far is the place ?",category physics explanation speed still water 5 kmph speed current 1 kmph speed downstream 5 1 6 kmph speed upstream 5 1 4 kmph let requited distance x km total time taken 1 hour x 6 x 4 1 2 x 3 x 12 5 x 12 x 24 km answer option c man row 5 kmph still water velocity current 1 kmph takes 1 hour row place come back far place,3,['Category: physics # explanation : speed in still water = 5 kmph speed of the current = 1 kmph speed downstream = ( 5 + 1 ) = 6 kmph speed upstream = ( 5 - 1 ) = 4 kmph let the requited distance be x km total time taken = 1 hour = > x / 6 + x / 4 = 1 = > 2 x + 3 x = 12 = > 5 x = 12 = > x = 2.4 km. answer : option c # ʵ œ goes 1 km along the stream and 1 km along the stream. he goes 1 km along the stream and goes 1 km along the stream. what is the distance traveled by ʵ œ when he meets the arrival of the boat?'],"(0.69, 2.0)",0.69,2.0,"['Category: physics # explanation : speed in still water = 5 kmph speed of the current = 1 kmph speed downstream = ( 5 + 1 ) = 6 kmph speed upstream = ( 5 - 1 ) = 4 kmph let the requited distance be x km total time taken = 1 hour = > x / 6 + x / 4 = 1 = > 2 x + 3 x = 12 = > 5 x = 12 = > x = 2.4 km. answer : option c # ˆ š ’ x = 2.4 kmph answer : c # a man can row at 5 kmph in still water. if the velocity of current is 1 kmph and it takes him 1 hour to row to a place and come back, how far is the place?']","(0.85, 0.0)",0.85,0.0,category physic explanation speed still water 5 kmph speed current 1 kmph speed downstream 5 1 6 kmph speed upstream 5 1 4 kmph let requited distance x km total time taken 1 hour x 6 x 4 1 2 x 3 x 12 5 x 12 x 24 km answer option c ˆ š x 24 kmph answer c man row 5 kmph still water velocity current 1 kmph take 1 hour row place come back far place,1.0,0.12253086419753086
10,10,233,968,"a man can row 11 kmph in still water . when the river is running at 1.2 kmph , it takes him 1 hour to row to a place and back . what is the total distance traveled by the man ?","""m = 11 s = 1.2 ds = 12.2 us = 9.8 x / 12.2 + x / 9.8 = 1 x = 5.43 d = 5.43 * 2 = 10.87 answer : e""","a ) 6.24 km , b ) 6 km , c ) 5.76 km , d ) 5.66 km , e ) 10.87 km",e,"multiply(divide(multiply(add(11, 1.2), subtract(11, 1.2)), add(add(11, 1.2), subtract(11, 1.2))), const_2)","add(n0,n1)|subtract(n0,n1)|add(#0,#1)|multiply(#0,#1)|divide(#3,#2)|multiply(#4,const_2)|",physics,Category: physics # m = 11 s = 1.2 ds = 12.2 us = 9.8 x / 12.2 + x / 9.8 = 1 x = 5.43 d = 5.43 * 2 = 10.87 answer : e # ,"Category: physics # m = 11 s = 1.2 ds = 12.2 us = 9.8 x / 12.2 + x / 9.8 = 1 x = 5.43 d = 5.43 * 2 = 10.87 answer : e # a man can row 11 kmph in still water . when the river is running at 1.2 kmph , it takes him 1 hour to row to a place and back . what is the total distance traveled by the man ?",category physics 11 12 ds 122 us 98 x 122 x 98 1 x 543 543 2 1087 answer e man row 11 kmph still water river running 12 kmph takes 1 hour row place back total distance traveled man,3,"['Category: physics # m = 11 s = 1.2 ds = 12.2 us = 9.8 x / 12.2 + x / 9.8 = 1 x = 5.43 d = 5.43 * 2 = 10.87 answer : e # ƫ while climbingends, she will go 10 kmph. if the speed of the man is 12.2 kmph, what is the distance traveled by foot?']","(0.62, 2.0)",0.62,2.0,"['Category: physics # m = 11 s = 1.2 ds = 12.2 us = 9.8 x / 12.2 + x / 9.8 = 1 x = 5.43 d = 5.43 * 2 = 10.87 answer : e # ˆ š 25 - - - ( 1 ) and x - y = 10.2 answer : c # a man can row 11 kmph in still water. when the river is running at 1.2 kmph, it takes him 1 hour to row to a place and black. what is the total distance traveled by the man?']","(0.84, 3.0)",0.84,3.0,category physic 11 12 d 122 u 98 x 122 x 98 1 x 543 543 2 1087 answer e ˆ š 25 1 x 102 answer c man row 11 kmph still water river running 12 kmph take 1 hour row place black total distance traveled man,0.6666666666666666,0.2064814814814815
11,11,237,988,"the time taken by a man to row his boat upstream is twice the time taken by him to row the same distance downstream . if the speed of the boat in still water is 42 kmph , find the speed of the stream ?","""the ratio of the times taken is 2 : 1 . the ratio of the speed of the boat in still water to the speed of the stream = ( 2 + 1 ) / ( 2 - 1 ) = 3 / 1 = 3 : 1 speed of the stream = 42 / 3 = 14 kmph . answer : c""","a ) 16 kmph , b ) 18 kmph , c ) 14 kmph , d ) 79 kmph , e ) 27 kmph",c,"subtract(42, divide(multiply(42, const_2), const_3))","multiply(n0,const_2)|divide(#0,const_3)|subtract(n0,#1)|",physics,Category: physics # the ratio of the times taken is 2 : 1 . the ratio of the speed of the boat in still water to the speed of the stream = ( 2 + 1 ) / ( 2 - 1 ) = 3 / 1 = 3 : 1 speed of the stream = 42 / 3 = 14 kmph . answer : c # ,"Category: physics # the ratio of the times taken is 2 : 1 . the ratio of the speed of the boat in still water to the speed of the stream = ( 2 + 1 ) / ( 2 - 1 ) = 3 / 1 = 3 : 1 speed of the stream = 42 / 3 = 14 kmph . answer : c # the time taken by a man to row his boat upstream is twice the time taken by him to row the same distance downstream . if the speed of the boat in still water is 42 kmph , find the speed of the stream ?",category physics ratio times taken 2 1 ratio speed boat still water speed stream 2 1 2 1 3 1 3 1 speed stream 42 3 14 kmph answer c time taken man row boat upstream twice time taken row distance downstream speed boat still water 42 kmph find speed stream,3,['Category: physics # the ratio of the times taken is 2 : 1. the ratio of the speed of the boat in still water to the speed of the stream = ( 2 + 1 ) / ( 2 - 1 ) = 3 / 1 = 3 : 1 speed of the stream = 42 / 3 = 14 kmph. answer : c # ƫ ng man goes downstream at 42 kmph and upstream at 42 kmph. a man rows downstream at 18 kmph and upstream at 42 kmph. find the speed of the stream?'],"(0.66, 14.0)",0.66,14.0,"['Category: physics # the ratio of the times taken is 2 : 1. the ratio of the speed of the boat in still water to the speed of the stream = ( 2 + 1 ) / ( 2 - 1 ) = 3 / 1 = 3 : 1 speed of the stream = 42 / 3 = 14 kmph. answer : c # ˆ š 25 - - 3 ) kmph, what is the speed of the stream if a canoe rows upstream at 9 km / hr and downstream at 42 km / hr']","(0.68, 15.0)",0.68,15.0,category physic ratio time taken 2 1 ratio speed boat still water speed stream 2 1 2 1 3 1 3 1 speed stream 42 3 14 kmph answer c ˆ š 25 3 kmph speed stream canoe row upstream 9 km hr downstream 42 km hr,0.6666666666666666,0.1419753086419753
12,12,246,1032,the speed of a boat in still water in 22 km / hr and the rate of current is 5 km / hr . the distance travelled downstream in 24 minutes is :,speed downstream = ( 22 + 5 ) = 27 kmph time = 24 minutes = 24 / 60 hour = 2 / 5 hour distance travelled = time × speed = 2 / 5 × 27 = 10.8 km answer is c .,"a ) 10.6 , b ) 10.2 , c ) 10.8 , d ) 10.4 , e ) 10.0",c,"multiply(add(22, 5), divide(24, const_60))","add(n0,n1)|divide(n2,const_60)|multiply(#0,#1)",physics,Category: physics # speed downstream = ( 22 + 5 ) = 27 kmph time = 24 minutes = 24 / 60 hour = 2 / 5 hour distance travelled = time × speed = 2 / 5 × 27 = 10.8 km answer is c . # ,Category: physics # speed downstream = ( 22 + 5 ) = 27 kmph time = 24 minutes = 24 / 60 hour = 2 / 5 hour distance travelled = time × speed = 2 / 5 × 27 = 10.8 km answer is c . # the speed of a boat in still water in 22 km / hr and the rate of current is 5 km / hr . the distance travelled downstream in 24 minutes is :,category physics speed downstream 22 5 27 kmph time 24 minutes 24 60 hour 2 5 hour distance travelled time speed 2 5 27 108 km answer c speed boat still water 22 km hr rate current 5 km hr distance travelled downstream 24 minutes,3,['Category: physics # speed downstream = ( 22 + 5 ) = 27 kmph time = 24 minutes = 24 / 60 hour = 2 / 5 hour distance travelled = time × speed = 2 / 5 × 27 = 10.8 km answer is c. # ƫ ng goes with a speed of 22 kmph in 30 minutes. the speed of the boat in still water in 18 kmph in how much time will it cover the same direction?'],"(0.7, 2.0)",0.7,2.0,"['Category: physics # speed downstream = ( 22 + 5 ) = 27 kmph time = 24 minutes = 24 / 60 hour = 2 / 5 hour distance travelled = time × speed = 2 / 5 × 27 = 10.8 km answer is c. # ˆ š 25 - - - 5 m =? m = ( 22 + 5 ) / 2 = 32 answer : c # a man can row upstream at 20 kmph and downstream at 22 kmph, and then find the speed of the man in still water?']","(0.58, 7.0)",0.58,7.0,category physic speed downstream 22 5 27 kmph time 24 minute 24 60 hour 2 5 hour distance travelled time speed 2 5 27 108 km answer c ˆ š 25 5 22 5 2 32 answer c man row upstream 20 kmph downstream 22 kmph find speed man still water,0.7142857142857143,0.2280864197530864
13,13,247,1033,a boat having a length 3 m and breadth 3 m is floating on a lake . the boat sinks by 1 cm when a man gets on it . the mass of the man is :,"""volume of water displaced = ( 3 x 3 x 0.01 ) m 3 = 0.09 m 3 . mass of man = volume of water displaced x density of water = ( 0.09 x 1000 ) kg = 90 kg . answer : d""","a ) 100 kg , b ) 120 kg , c ) 89 kg , d ) 90 kg , e ) 110 kg",d,"multiply(multiply(multiply(3, 3), divide(1, const_100)), const_1000)","divide(n2,const_100)|multiply(n0,n1)|multiply(#0,#1)|multiply(#2,const_1000)|",physics,Category: physics # volume of water displaced = ( 3 x 3 x 0.01 ) m 3 = 0.09 m 3 . mass of man = volume of water displaced x density of water = ( 0.09 x 1000 ) kg = 90 kg . answer : d # ,Category: physics # volume of water displaced = ( 3 x 3 x 0.01 ) m 3 = 0.09 m 3 . mass of man = volume of water displaced x density of water = ( 0.09 x 1000 ) kg = 90 kg . answer : d # a boat having a length 3 m and breadth 3 m is floating on a lake . the boat sinks by 1 cm when a man gets on it . the mass of the man is :,category physics volume water displaced 3 x 3 x 001 3 009 3 mass man volume water displaced x density water 009 x 1000 kg 90 kg answer boat length 3 breadth 3 floating lake boat sinks 1 cm man gets mass man,3,"['Category: physics # volume of water displaced = ( 3 x 3 x 0.01 ) m 3 = 0.09 m 3. mass of man = volume of water displaced x density of water = ( 0.09 x 1000 ) kg = 90 kg. answer : d # ƫ ng the current of a boat in state a ’ s weight is 12 % and it sinks to 15 %. the weight of the boat goes up by 1 kg, then what will be its weight?']","(0.63, 6.0)",0.63,6.0,['Category: physics # volume of water displaced = ( 3 x 3 x 0.01 ) m 3 = 0.09 m 3. mass of man = volume of water displaced x density of water = ( 0.09 x 1000 ) kg = 90 kg. answer : d # ˆ š 25 m deep and 45 m wide is floating on a lake. the boat sinks by 1 cm when a man gets on it. the mass of the man is :'],"(0.83, 6.0)",0.83,6.0,category physic volume water displaced 3 x 3 x 001 3 009 3 mass man volume water displaced x density water 009 x 1000 kg 90 kg answer ˆ š 25 deep 45 wide floating lake boat sink 1 cm man get mass man,0.5714285714285714,0.08271604938271605
14,14,300,1241,"a man can row upstream at 10 kmph and downstream at 20 kmph , and then find the speed of the man in still water ?","""us = 20 ds = 30 m = ( 30 + 20 ) / 2 = 25 answer : c""","a ) 11 , b ) 77 , c ) 25 , d ) 88 , e ) 34",c,"divide(add(10, 20), const_2)","add(n0,n1)|divide(#0,const_2)|",physics,Category: physics # us = 20 ds = 30 m = ( 30 + 20 ) / 2 = 25 answer : c # ,"Category: physics # us = 20 ds = 30 m = ( 30 + 20 ) / 2 = 25 answer : c # a man can row upstream at 10 kmph and downstream at 20 kmph , and then find the speed of the man in still water ?",category physics us 20 ds 30 30 20 2 25 answer c man row upstream 10 kmph downstream 20 kmph find speed man still water,3,['Category: physics # us = 20 ds = 30 m = ( 30 + 20 ) / 2 = 25 answer : c # ƫ can swim in still water at 20 kmph and downstream at 30 kmph. the sped of the swimmer is?'],"(0.83, 2.0)",0.83,2.0,"['Category: physics # us = 20 ds = 30 m = ( 30 + 20 ) / 2 = 25 answer : c # ˆ š 25 - - - 5 i ) and 45 kmph, and then find the speed of the man in still water?']","(0.73, 3.0)",0.73,3.0,category physic u 20 d 30 30 20 2 25 answer c ˆ š 25 5 45 kmph find speed man still water,0.3809523809523809,0.11851851851851852
15,15,320,1339,"a boat takes 19 hours for travelling downstream from point a to point b and coming back to a point c which is at midway between a and b . if the velocity of the stream is 4 kmph and the speed of the boat in still water is 14 kmph , what is the distance between a and b ?","""explanation : speed in downstream = ( 14 + 4 ) km / hr = 18 km / hr ; speed in upstream = ( 14 â € “ 4 ) km / hr = 10 km / hr . let the distance between a and b be x km . then , x / 18 + ( x / 2 ) / 10 = 19 â ‡ ” x / 18 + x / 20 = 19 â ‡ ’ x = 180 km . answer : a""","a ) 180 km , b ) 127 km , c ) 178 km , d ) 188 km , e ) 111 km",a,"divide(19, add(divide(const_1, add(14, 4)), divide(const_1, multiply(subtract(14, 4), const_2))))","add(n1,n2)|subtract(n2,n1)|divide(const_1,#0)|multiply(#1,const_2)|divide(const_1,#3)|add(#2,#4)|divide(n0,#5)|",physics,"Category: physics # explanation : speed in downstream = ( 14 + 4 ) km / hr = 18 km / hr ; speed in upstream = ( 14 â € “ 4 ) km / hr = 10 km / hr . let the distance between a and b be x km . then , x / 18 + ( x / 2 ) / 10 = 19 â ‡ ” x / 18 + x / 20 = 19 â ‡ ’ x = 180 km . answer : a # ","Category: physics # explanation : speed in downstream = ( 14 + 4 ) km / hr = 18 km / hr ; speed in upstream = ( 14 â € “ 4 ) km / hr = 10 km / hr . let the distance between a and b be x km . then , x / 18 + ( x / 2 ) / 10 = 19 â ‡ ” x / 18 + x / 20 = 19 â ‡ ’ x = 180 km . answer : a # a boat takes 19 hours for travelling downstream from point a to point b and coming back to a point c which is at midway between a and b . if the velocity of the stream is 4 kmph and the speed of the boat in still water is 14 kmph , what is the distance between a and b ?",category physics explanation speed downstream 14 4 km hr 18 km hr speed upstream 14 â 4 km hr 10 km hr let distance b x km x 18 x 2 10 19 â x 18 x 20 19 â x 180 km answer boat takes 19 hours travelling downstream point point b coming back point c midway b velocity stream 4 kmph speed boat still water 14 kmph distance b,3,"['Category: physics # explanation : speed in downstream = ( 14 + 4 ) km / hr = 18 km / hr ; speed in upstream = ( 14 â € “ 4 ) km / hr = 10 km / hr. let the distance between a and b be x km. then, x / 18 + ( x / 2 ) / 10 = 19 â ‡ ” x / 18 + x / 20 = 19 â ‡ ’ x = 180 km. answer : a # т and b go around a circular starting point and from a point on parallel tracks. after they went to the starting point, a boy reaches the starting point and followed the finish line. if т has traveled 4 km more than b, he would have reached the start point. what is the length of the track?']","(0.54, 3.0)",0.54,3.0,"['Category: physics # explanation : speed in downstream = ( 14 + 4 ) km / hr = 18 km / hr ; speed in upstream = ( 14 â € “ 4 ) km / hr = 10 km / hr. let the distance between a and b be x km. then, x / 18 + ( x / 2 ) / 10 = 19 â ‡ ” x / 18 + x / 20 = 19 â ‡ ’ x = 180 km. answer : a # ˆ š 90000 - b = 15 â ˆ š 250000, x = 3. answer d # a boat takes 19 hours for travelling downstream from point a to point b and coming back to point c midway between a and b. if the velocity of the stream is 4 kmph and the speed of the boat in still water is 14 kmph, what is the distance between a and b?']","(0.74, 5.0)",0.74,5.0,category physic explanation speed downstream 14 4 km hr 18 km hr speed upstream 14 â 4 km hr 10 km hr let distance b x km x 18 x 2 10 19 â x 18 x 20 19 â x 180 km answer ˆ š 90000 b 15 â ˆ š 250000 x 3 answer boat take 19 hour travelling downstream point point b coming back point c midway b velocity stream 4 kmph speed boat still water 14 kmph distance b,0.8095238095238095,0.24444444444444446
16,16,327,1397,"a man swims downstream 30 km and upstream 12 km taking 3 hours each time , what is the speed of the man in still water ?","""30 - - - 3 ds = 10 ? - - - - 1 12 - - - - 3 us = 4 ? - - - - 1 m = ? m = ( 10 + 4 ) / 2 = 7 answer : b""","a ) 8 , b ) 7 , c ) 5 , d ) 2 , e ) 4",b,"divide(add(divide(12, 3), divide(30, 3)), const_2)","divide(n1,n2)|divide(n0,n2)|add(#0,#1)|divide(#2,const_2)|",physics,Category: physics # 30 - - - 3 ds = 10 ? - - - - 1 12 - - - - 3 us = 4 ? - - - - 1 m = ? m = ( 10 + 4 ) / 2 = 7 answer : b # ,"Category: physics # 30 - - - 3 ds = 10 ? - - - - 1 12 - - - - 3 us = 4 ? - - - - 1 m = ? m = ( 10 + 4 ) / 2 = 7 answer : b # a man swims downstream 30 km and upstream 12 km taking 3 hours each time , what is the speed of the man in still water ?",category physics 30 3 ds 10 1 12 3 us 4 1 10 4 2 7 answer b man swims downstream 30 km upstream 12 km taking 3 hours time speed man still water,3,"['Category: physics # 30 - - - 3 ds = 10? - - - - 1 12 - - - - 3 us = 4? - - - - 1 m =? m = ( 10 + 4 ) / 2 = 7 answer : b # ƫ ng the canoe with a crew of 30 men has provisions for 12 days and provisions for 15 days for 6 days. after 6 days, the provisions available will last only day. if 15 more men join the crew, then how many men are there in the crew?']","(0.55, 14.0)",0.55,14.0,"['Category: physics # 30 - - - 3 ds = 10? - - - - 1 12 - - - - 3 us = 4? - - - - 1 m =? m = ( 10 + 4 ) / 2 = 7 answer : b # ˆ š 25 - 4 ) / 2 = 8 answer : c # a man swims downstream 30 km and upstream 12 km taking 3 hours each time, what is the speed of the man in still water?']","(0.85, 15.0)",0.85,15.0,category physic 30 3 d 10 1 12 3 u 4 1 10 4 2 7 answer b ˆ š 25 4 2 8 answer c man swim downstream 30 km upstream 12 km taking 3 hour time speed man still water,0.7142857142857143,0.24413580246913583
17,17,346,1506,"a man can row 9 kmph in still water . when the river is running at 3.1 kmph , it takes him 1 hour to row to a place and black . what is the total distance traveled by the man ?","""m = 9 s = 3.1 ds = 12.1 us = 5.9 x / 12.1 + x / 5.9 = 1 x = 3.97 d = 3.97 * 2 = 7.94 answer : e""","a ) 2.21 , b ) 2.48 , c ) 9.24 , d ) 7.29 , e ) 7.94",e,"multiply(divide(multiply(add(9, 3.1), subtract(9, 3.1)), add(add(9, 3.1), subtract(9, 3.1))), const_2)","add(n0,n1)|subtract(n0,n1)|add(#0,#1)|multiply(#0,#1)|divide(#3,#2)|multiply(#4,const_2)|",physics,Category: physics # m = 9 s = 3.1 ds = 12.1 us = 5.9 x / 12.1 + x / 5.9 = 1 x = 3.97 d = 3.97 * 2 = 7.94 answer : e # ,"Category: physics # m = 9 s = 3.1 ds = 12.1 us = 5.9 x / 12.1 + x / 5.9 = 1 x = 3.97 d = 3.97 * 2 = 7.94 answer : e # a man can row 9 kmph in still water . when the river is running at 3.1 kmph , it takes him 1 hour to row to a place and black . what is the total distance traveled by the man ?",category physics 9 31 ds 121 us 59 x 121 x 59 1 x 397 397 2 794 answer e man row 9 kmph still water river running 31 kmph takes 1 hour row place black total distance traveled man,3,"['Category: physics # m = 9 s = 3.1 ds = 12.1 us = 5.9 x / 12.1 + x / 5.9 = 1 x = 3.97 d = 3.97 * 2 = 7.94 answer : e # т a man took 12 hours to pass a telegraph post. he immediately turned to the nearest time, and finished the first half of the exam, but the help him on her way to the nearest time till the last half. he immediately turned to the nearest time, and finished the second half of the exam. find the distance traveled by the man?']","(0.46, 2.0)",0.46,2.0,"['Category: physics # m = 9 s = 3.1 ds = 12.1 us = 5.9 x / 12.1 + x / 5.9 = 1 x = 3.97 d = 3.97 * 2 = 7.94 answer : e # ˆ š 25 - - - 3 us = 4.5 answer : c # a man can row 9 kmph in still water. when the river is running at 3.2 kmph, it takes him 1 hour to row to a place and back. what is the total distance traveled by the man?']","(0.84, 4.0)",0.84,4.0,category physic 9 31 d 121 u 59 x 121 x 59 1 x 397 397 2 794 answer e ˆ š 25 3 u 45 answer c man row 9 kmph still water river running 32 kmph take 1 hour row place back total distance traveled man,0.6666666666666666,0.21265432098765433
18,18,355,1540,"a rower can row 5 km / h in still water . when the river is running at 2 km / h , it takes the rower 1 hour to row to big rock and back . how many kilometers is it to big rock ?","""let x be the distance to big rock . time = x / 3 + x / 7 = 1 x = 21 / 10 = 2.1 km the answer is c .""","a ) 1.5 , b ) 1.8 , c ) 2.1 , d ) 2.4 , e ) 2.7",c,"multiply(divide(subtract(5, 2), add(add(5, 2), subtract(5, 2))), add(5, 2))","add(n0,n1)|subtract(n0,n1)|add(#0,#1)|divide(#1,#2)|multiply(#0,#3)|",physics,Category: physics # let x be the distance to big rock . time = x / 3 + x / 7 = 1 x = 21 / 10 = 2.1 km the answer is c . # ,"Category: physics # let x be the distance to big rock . time = x / 3 + x / 7 = 1 x = 21 / 10 = 2.1 km the answer is c . # a rower can row 5 km / h in still water . when the river is running at 2 km / h , it takes the rower 1 hour to row to big rock and back . how many kilometers is it to big rock ?",category physics let x distance big rock time x 3 x 7 1 x 21 10 21 km answer c rower row 5 km h still water river running 2 km h takes rower 1 hour row big rock back many kilometers big rock,3,"['Category: physics # let x be the distance to big rock. time = x / 3 + x / 7 = 1 x = 21 / 10 = 2.1 km the answer is c. # т makes $ 1,000 per hour, and т makes $ 1,000 per hour. every hour they work together. how many kilometers will be spend?']","(0.53, 3.0)",0.53,3.0,"['Category: physics # let x be the distance to big rock. time = x / 3 + x / 7 = 1 x = 21 / 10 = 2.1 km the answer is c. # ˆ š ’ x = 72 ds downstream and 21 km upstream, taking 3 1 / 2 hours each time. find the speed of the stream?']","(0.58, 5.0)",0.58,5.0,category physic let x distance big rock time x 3 x 7 1 x 21 10 21 km answer c ˆ š x 72 d downstream 21 km upstream taking 3 1 2 hour time find speed stream,0.4285714285714285,0.17530864197530865
19,19,374,1613,a boatman goes 2 km against the current of the stream in 1 hour and goes 1 km along the current in 15 minutes . how long will it take to go 5 km in stationary water ?,"""speed ( upstream ) = 2 / 1 = 2 kmhr speed ( downstream ) = 1 / ( 15 / 60 ) = 4 kmhr speed in still water = 1 / 2 ( 2 + 4 ) = 3 kmhr time taken in stationary = 5 / 3 = 1 hrs 40 min answer : e""","a ) 40 minutes , b ) 1 hour , c ) 1 hour 15 min , d ) 1 hour 30 min , e ) 1 hour 40 min",e,"divide(5, divide(add(multiply(divide(1, 15), const_60), divide(2, 2)), const_2))","divide(n0,n0)|divide(n2,n3)|multiply(#1,const_60)|add(#0,#2)|divide(#3,const_2)|divide(n4,#4)|",physics,Category: physics # speed ( upstream ) = 2 / 1 = 2 kmhr speed ( downstream ) = 1 / ( 15 / 60 ) = 4 kmhr speed in still water = 1 / 2 ( 2 + 4 ) = 3 kmhr time taken in stationary = 5 / 3 = 1 hrs 40 min answer : e # ,Category: physics # speed ( upstream ) = 2 / 1 = 2 kmhr speed ( downstream ) = 1 / ( 15 / 60 ) = 4 kmhr speed in still water = 1 / 2 ( 2 + 4 ) = 3 kmhr time taken in stationary = 5 / 3 = 1 hrs 40 min answer : e # a boatman goes 2 km against the current of the stream in 1 hour and goes 1 km along the current in 15 minutes . how long will it take to go 5 km in stationary water ?,category physics speed upstream 2 1 2 kmhr speed downstream 1 15 60 4 kmhr speed still water 1 2 2 4 3 kmhr time taken stationary 5 3 1 hrs 40 min answer e boatman goes 2 km current stream 1 hour goes 1 km along current 15 minutes long take go 5 km stationary water,3,['Category: physics # speed ( upstream ) = 2 / 1 = 2 kmhr speed ( downstream ) = 1 / ( 15 / 60 ) = 4 kmhr speed in still water = 1 / 2 ( 2 + 4 ) = 3 kmhr time taken in stationary = 5 / 3 = 1 hrs 40 min answer : e # ʵ s boatman goes 18 km in still water. the speed of the boatman in still water 2 km in 1 hour ; the speed of the streammer in still water 2 km in 1 hour. find the time taken by the boatman to go 5 km downstream?'],"(0.7, 5.0)",0.7,5.0,['Category: physics # speed ( upstream ) = 2 / 1 = 2 kmhr speed ( downstream ) = 1 / ( 15 / 60 ) = 4 kmhr speed in still water = 1 / 2 ( 2 + 4 ) = 3 kmhr time taken in stationary = 5 / 3 = 1 hrs 40 min answer : e # ˆ š 90000 - 4 ) kmph = 3 h answer : a # a boatman goes 2 km against the current of the stream in 1 hour and goes 1 km along the current in 15 minutes. how long will it take to go 5 km in stationary water?'],"(0.9, 8.0)",0.9,8.0,category physic speed upstream 2 1 2 kmhr speed downstream 1 15 60 4 kmhr speed still water 1 2 2 4 3 kmhr time taken stationary 5 3 1 hr 40 min answer e ˆ š 90000 4 kmph 3 h answer boatman go 2 km current stream 1 hour go 1 km along current 15 minute long take go 5 km stationary water,1.0,0.27438271604938275
20,20,400,1701,"if a boat is rowed downstream for 24 km in 4 hours and upstream for 48 km in 24 hours , what is the speed of the boat and the river ?","""explanation : if x : speed of boats man in still water y : speed of the river downstream speed ( ds ) = x + y upstream speed ( us ) = x â € “ y x = ( ds + us ) / 2 y = ( ds â € “ us ) / 2 in the above problem ds = 6 ; us = 2 x = ( 6 + 2 ) / 2 = 8 / 2 = 4 km / hr y = ( 6 - 2 ) / 2 = 4 / 2 = 2 km / hr answer : e""","a ) 4 , 3 , b ) 4 , 4 , c ) 3 , 3 , d ) 4 , 5 , e ) 4 , 2",e,"divide(add(divide(48, 24), divide(24, 4)), const_2)","divide(n2,n3)|divide(n0,n1)|add(#0,#1)|divide(#2,const_2)|",physics,Category: physics # explanation : if x : speed of boats man in still water y : speed of the river downstream speed ( ds ) = x + y upstream speed ( us ) = x â € “ y x = ( ds + us ) / 2 y = ( ds â € “ us ) / 2 in the above problem ds = 6 ; us = 2 x = ( 6 + 2 ) / 2 = 8 / 2 = 4 km / hr y = ( 6 - 2 ) / 2 = 4 / 2 = 2 km / hr answer : e # ,"Category: physics # explanation : if x : speed of boats man in still water y : speed of the river downstream speed ( ds ) = x + y upstream speed ( us ) = x â € “ y x = ( ds + us ) / 2 y = ( ds â € “ us ) / 2 in the above problem ds = 6 ; us = 2 x = ( 6 + 2 ) / 2 = 8 / 2 = 4 km / hr y = ( 6 - 2 ) / 2 = 4 / 2 = 2 km / hr answer : e # if a boat is rowed downstream for 24 km in 4 hours and upstream for 48 km in 24 hours , what is the speed of the boat and the river ?",category physics explanation x speed boats man still water speed river downstream speed ds x upstream speed us x â x ds us 2 ds â us 2 problem ds 6 us 2 x 6 2 2 8 2 4 km hr 6 2 2 4 2 2 km hr answer e boat rowed downstream 24 km 4 hours upstream 48 km 24 hours speed boat river,3,"['Category: physics # explanation : if x : speed of boats man in still water y : speed of the river downstream speed ( ds ) = x + y upstream speed ( us ) = x â € “ y x = ( ds + us ) / 2 y = ( ds â € “ us ) / 2 in the above problem ds = 6 ; us = 2 x = ( 6 + 2 ) / 2 = 8 / 2 = 4 km / hr y = ( 6 - 2 ) / 2 = 4 / 2 = 2 km / hr answer : e # ƒ speed in still water is 6 km / hr and speed in still water is 5 km / hr. after some water evaporates, it takes 12 hours for the boat to be filled. the ratio of the speed of a boat in still water to that of a stream is?']","(0.74, 4.0)",0.74,4.0,"['Category: physics # explanation : if x : speed of boats man in still water y : speed of the river downstream speed ( ds ) = x + y upstream speed ( us ) = x â € “ y x = ( ds + us ) / 2 y = ( ds â € “ us ) / 2 in the above problem ds = 6 ; us = 2 x = ( 6 + 2 ) / 2 = 8 / 2 = 4 km / hr y = ( 6 - 2 ) / 2 = 4 / 2 = 2 km / hr answer : e # ˆ š 9 answer : c # a boat is rowed downstream for 600 km in 20 hours and upstream for 48 km in 4 hours, what is the speed of the boat and the river?']","(0.74, 5.0)",0.74,5.0,category physic explanation x speed boat man still water speed river downstream speed d x upstream speed u x â x d u 2 d â u 2 problem d 6 u 2 x 6 2 2 8 2 4 km hr 6 2 2 4 2 2 km hr answer e ˆ š 9 answer c boat rowed downstream 600 km 20 hour upstream 48 km 4 hour speed boat river,0.9523809523809524,0.18055555555555555
21,21,450,1917,"the time taken by a man to row his boat upstream is twice the time taken by him to row the same distance downstream . if the speed of the boat in still water is 45 kmph , find the speed of the stream ?","""the ratio of the times taken is 2 : 1 . the ratio of the speed of the boat in still water to the speed of the stream = ( 2 + 1 ) / ( 2 - 1 ) = 3 / 1 = 3 : 1 speed of the stream = 45 / 3 = 15 kmph answer : d""","a ) 12 kmph , b ) 13 kmph , c ) 14 kmph , d ) 15 kmph , e ) 16 kmph",d,"subtract(45, divide(multiply(45, const_2), const_3))","multiply(n0,const_2)|divide(#0,const_3)|subtract(n0,#1)|",physics,Category: physics # the ratio of the times taken is 2 : 1 . the ratio of the speed of the boat in still water to the speed of the stream = ( 2 + 1 ) / ( 2 - 1 ) = 3 / 1 = 3 : 1 speed of the stream = 45 / 3 = 15 kmph answer : d # ,"Category: physics # the ratio of the times taken is 2 : 1 . the ratio of the speed of the boat in still water to the speed of the stream = ( 2 + 1 ) / ( 2 - 1 ) = 3 / 1 = 3 : 1 speed of the stream = 45 / 3 = 15 kmph answer : d # the time taken by a man to row his boat upstream is twice the time taken by him to row the same distance downstream . if the speed of the boat in still water is 45 kmph , find the speed of the stream ?",category physics ratio times taken 2 1 ratio speed boat still water speed stream 2 1 2 1 3 1 3 1 speed stream 45 3 15 kmph answer time taken man row boat upstream twice time taken row distance downstream speed boat still water 45 kmph find speed stream,3,['Category: physics # the ratio of the times taken is 2 : 1. the ratio of the speed of the boat in still water to the speed of the stream = ( 2 + 1 ) / ( 2 - 1 ) = 3 / 1 = 3 : 1 speed of the stream = 45 / 3 = 15 kmph answer : d # ʵ rows downstream 90 km and upstream 140 km taking 3 hours each time. what is the speed of the boat in still water?'],"(0.72, 14.0)",0.72,14.0,"['Category: physics # the ratio of the times taken is 2 : 1. the ratio of the speed of the boat in still water to the speed of the stream = ( 2 + 1 ) / ( 2 - 1 ) = 3 / 1 = 3 : 1 speed of the stream = 45 / 3 = 15 kmph answer : d # ˆ š 25 - - - 3 us = 15? - - - 1 s =? s = ( 2 ) / 2 = 10 kmph. answer : a # a man rows his boat 85 km downstream and 45 km upstream, taking 3 hours each time. find the speed of the stream?']","(0.6, 20.0)",0.6,20.0,category physic ratio time taken 2 1 ratio speed boat still water speed stream 2 1 2 1 3 1 3 1 speed stream 45 3 15 kmph answer ˆ š 25 3 u 15 1 2 2 10 kmph answer man row boat 85 km downstream 45 km upstream taking 3 hour time find speed stream,0.6666666666666666,0.3287037037037037
22,22,480,2028,"the speed at which a man can row a boat in still water is 21 kmph . if he rows downstream , where the speed of current is 5 kmph , what time will he take to cover 90 metres ?",speed of the boat downstream = 21 + 5 = 26 kmph = 26 * 5 / 18 = 7.22 m / s hence time taken to cover 90 m = 90 / 7.22 = 12.46 seconds . answer : d,"a ) 23.46 , b ) 27.46 , c ) 28.46 , d ) 12.46 , e ) 25.46",d,"divide(90, multiply(add(21, 5), const_0_2778))","add(n0,n1)|multiply(#0,const_0_2778)|divide(n2,#1)|",physics,Category: physics # speed of the boat downstream = 21 + 5 = 26 kmph = 26 * 5 / 18 = 7.22 m / s hence time taken to cover 90 m = 90 / 7.22 = 12.46 seconds . answer : d # ,"Category: physics # speed of the boat downstream = 21 + 5 = 26 kmph = 26 * 5 / 18 = 7.22 m / s hence time taken to cover 90 m = 90 / 7.22 = 12.46 seconds . answer : d # the speed at which a man can row a boat in still water is 21 kmph . if he rows downstream , where the speed of current is 5 kmph , what time will he take to cover 90 metres ?",category physics speed boat downstream 21 5 26 kmph 26 5 18 722 hence time taken cover 90 90 722 1246 seconds answer speed man row boat still water 21 kmph rows downstream speed current 5 kmph time take cover 90 metres,3,['Category: physics # speed of the boat downstream = 21 + 5 = 26 kmph = 26 * 5 / 18 = 7.22 m / s hence time taken to cover 90 m = 90 / 7.22 = 12.46 seconds. answer : d # ʃ goes 10 km along the stream and 5 km along the stream. the sped of the boat in still water in 24 minutes is?'],"(0.69, 2.0)",0.69,2.0,['Category: physics # speed of the boat downstream = 21 + 5 = 26 kmph = 26 * 5 / 18 = 7.22 m / s hence time taken to cover 90 m = 90 / 7.22 = 12.46 seconds. answer : d # ˆ š 25 - - - 5 ds = 5? - - - 1 50 - - - - 5 us = 10? - - - - 1 s =? s = ( 12.4 - 10 ) / 2 = 4.95 answer : b # a man swims downstream 45 km and upstream 50 km taking 5 hours each time ; what is the speed of the current?'],"(0.51, 10.0)",0.51,10.0,category physic speed boat downstream 21 5 26 kmph 26 5 18 722 hence time taken cover 90 90 722 1246 second answer ˆ š 25 5 d 5 1 50 5 u 10 1 124 10 2 495 answer b man swim downstream 45 km upstream 50 km taking 5 hour time speed current,0.6666666666666666,0.44660493827160497
23,23,484,2039,the speed of a boat in still water in 37 km / hr and the rate of current is 13 km / hr . the distance travelled downstream in 10 minutes is :,"""explanation : speed downstream = ( 37 + 13 ) = 50 kmph time = 24 minutes = 10 / 60 hour = 1 / 6 hour distance travelled = time × speed = ( 1 / 6 ) × 50 = 8.33 km answer : option e""","a ) 10.44 km , b ) 10.6 km , c ) 11.4 km , d ) 11.22 km , e ) 8.33 km",e,"multiply(add(37, 13), divide(10, const_60))","add(n0,n1)|divide(n2,const_60)|multiply(#0,#1)|",physics,Category: physics # explanation : speed downstream = ( 37 + 13 ) = 50 kmph time = 24 minutes = 10 / 60 hour = 1 / 6 hour distance travelled = time × speed = ( 1 / 6 ) × 50 = 8.33 km answer : option e # ,Category: physics # explanation : speed downstream = ( 37 + 13 ) = 50 kmph time = 24 minutes = 10 / 60 hour = 1 / 6 hour distance travelled = time × speed = ( 1 / 6 ) × 50 = 8.33 km answer : option e # the speed of a boat in still water in 37 km / hr and the rate of current is 13 km / hr . the distance travelled downstream in 10 minutes is :,category physics explanation speed downstream 37 13 50 kmph time 24 minutes 10 60 hour 1 6 hour distance travelled time speed 1 6 50 833 km answer option e speed boat still water 37 km hr rate current 13 km hr distance travelled downstream 10 minutes,3,"['Category: physics # explanation : speed downstream = ( 37 + 13 ) = 50 kmph time = 24 minutes = 10 / 60 hour = 1 / 6 hour distance travelled = time × speed = ( 1 / 6 ) × 50 = 8.33 km answer : option e # ƫ can travel downstream at 6 kmph and upstream at 43 kmph. if the speed of the boat in still water is 37 kmph, then find the distance travelled by him?']","(0.7, 3.0)",0.7,3.0,['Category: physics # explanation : speed downstream = ( 37 + 13 ) = 50 kmph time = 24 minutes = 10 / 60 hour = 1 / 6 hour distance travelled = time × speed = ( 1 / 6 ) × 50 = 8.33 km answer : option e # ˆ š 25 - - - 5 i ) and 45 - - - - 5 us = 7? - - - - 1 s =? s = ( 10.8 + 7.8 ) / 2 = 1.35 answer : c # a man swims downstream 36 km and upstream 45 km taking 5 hours each time ; what is the speed of the current?'],"(0.62, 9.0)",0.62,9.0,category physic explanation speed downstream 37 13 50 kmph time 24 minute 10 60 hour 1 6 hour distance travelled time speed 1 6 50 833 km answer option e ˆ š 25 5 45 5 u 7 1 108 78 2 135 answer c man swim downstream 36 km upstream 45 km taking 5 hour time speed current,0.7142857142857143,0.41944444444444445
24,24,486,2045,the speed of a boat in still water is 15 km / hr and the rate of the current is 3 km / hr . the distance travelled downstream in 12 minutes is,"""speed downstream = ( 15 + 3 ) km / hr = 18 km / hr . distance travelled = ( 18 x 12 / 60 ) hours = 3.6 km . answer d""","a ) 1.2 km , b ) 1.8 km , c ) 2.4 km , d ) 3.6 km , e ) none",d,"multiply(divide(12, const_60), add(15, 3))","add(n0,n1)|divide(n2,const_60)|multiply(#0,#1)|",physics,Category: physics # speed downstream = ( 15 + 3 ) km / hr = 18 km / hr . distance travelled = ( 18 x 12 / 60 ) hours = 3.6 km . answer d # ,Category: physics # speed downstream = ( 15 + 3 ) km / hr = 18 km / hr . distance travelled = ( 18 x 12 / 60 ) hours = 3.6 km . answer d # the speed of a boat in still water is 15 km / hr and the rate of the current is 3 km / hr . the distance travelled downstream in 12 minutes is,category physics speed downstream 15 3 km hr 18 km hr distance travelled 18 x 12 60 hours 36 km answer speed boat still water 15 km hr rate current 3 km hr distance travelled downstream 12 minutes,3,['Category: physics # speed downstream = ( 15 + 3 ) km / hr = 18 km / hr. distance travelled = ( 18 x 12 / 60 ) hours = 3.6 km. answer d # т can travel in still water at 15 kmph and in still water at 3 kmph. the distance travelled downstream in 12 minutes is'],"(0.63, 0.0)",0.63,0.0,['Category: physics # speed downstream = ( 15 + 3 ) km / hr = 18 km / hr. distance travelled = ( 18 x 12 / 60 ) hours = 3.6 km. answer d # ˆ š 9 m deep and 36 m wide is floating on a lake. the boat sinks by 1 cm when a man gets on it. the mass of the man is :'],"(0.6, 3.0)",0.6,3.0,category physic speed downstream 15 3 km hr 18 km hr distance travelled 18 x 12 60 hour 36 km answer ˆ š 9 deep 36 wide floating lake boat sink 1 cm man get mass man,0.4761904761904761,0.11419753086419754
25,25,541,2256,"in one hour , a boat goes 11 km / hr along the stream and 5 km / hr against the stream . the speed of the boat in still water ( in km / hr ) is :","""speed in still water = ( 11 + 5 ) / 2 = 8 kmph ans - c""","a ) 2 kmph , b ) 3 kmph , c ) 8 kmph , d ) 9 kmph , e ) 7 kmph",c,"stream_speed(11, 5)","stream_speed(n0,n1)|",physics,Category: physics # speed in still water = ( 11 + 5 ) / 2 = 8 kmph ans - c # ,"Category: physics # speed in still water = ( 11 + 5 ) / 2 = 8 kmph ans - c # in one hour , a boat goes 11 km / hr along the stream and 5 km / hr against the stream . the speed of the boat in still water ( in km / hr ) is :",category physics speed still water 11 5 2 8 kmph ans c one hour boat goes 11 km hr along stream 5 km hr stream speed boat still water km hr,3,"['Category: physics # speed in still water = ( 11 + 5 ) / 2 = 8 kmph ans - c # т can row downstream at 11 kmph and upstream at 5 kmph, and then find the speed of the boat in still water?']","(0.71, 0.0)",0.71,0.0,['Category: physics # speed in still water = ( 11 + 5 ) / 2 = 8 kmph ans - c # ˆ š 90000 - - - ( 16 ) kg = 3 kmp answer : c # a boat moves down stream at the rate of 1 km in 40 minutes and upstream at the rate of 1 km in 16 minutes. the speed of the current is?'],"(0.41, 7.0)",0.41,7.0,category physic speed still water 11 5 2 8 kmph an c ˆ š 90000 16 kg 3 kmp answer c boat move stream rate 1 km 40 minute upstream rate 1 km 16 minute speed current,0.2857142857142857,0.2367283950617284
26,26,564,2389,"calculate the speed of a boat in still water ( in km / hr ) if in one hour , the boat goes 13 km / hr downstream and 10 km / hr upstream .","""speed in still water = ( 13 + 5 ) 1 / 2 kmph = 9 kmph . answer : b""","a ) 3 kmph , b ) 9 kmph , c ) 4 kmph , d ) 8 kmph , e ) 6 kmph",b,"divide(add(13, 10), const_2)","add(n0,n1)|divide(#0,const_2)|",physics,Category: physics # speed in still water = ( 13 + 5 ) 1 / 2 kmph = 9 kmph . answer : b # ,"Category: physics # speed in still water = ( 13 + 5 ) 1 / 2 kmph = 9 kmph . answer : b # calculate the speed of a boat in still water ( in km / hr ) if in one hour , the boat goes 13 km / hr downstream and 10 km / hr upstream .",category physics speed still water 13 5 1 2 kmph 9 kmph answer b calculate speed boat still water km hr one hour boat goes 13 km hr downstream 10 km hr upstream,3,"['Category: physics # speed in still water = ( 13 + 5 ) 1 / 2 kmph = 9 kmph. answer : b # ian can row with a speed of 13 kmph in still water. when it takes 2 hours, she goes 15 km along the same route which is going ). when i have to take the same route, it takes her 1 hour to go to the starting point. when i have to take the same route, it takes her 8 hours. when i have to take the same route, it takes her 1 hour to travel from the starting point. on sam. as per question, it takes 2 hours to travel from the starting point, and sam take 2 hours to travel from the starting point. sam take ( 8 times ) hours to travel from the starting point to the end of the journey. sam take ( 8 * 1 * 4 + 2 ) hours to travel the first half of the journey. sam take ( 8 * 1 + 2 ) hours to travel the second half of the journey. sam take ( 8 * 1 / 3 + 2 ) hours to travel the second half of the journey. sam take ( 8 * 1 / 3 + 2 ) hours to travel the third half of the journey. sam take ( 8 * 1 / 3 + 2 ) hours to travel the first half of the journey. sam take ( 8 * 1 / 3 + 1 / 8 + 1 / 12 ) hours to travel the third quarter miles. sam take ( 8 * 1 / 1 / 12 ) hours to travel the third half of the trip. sam take ( 8 * 1 / 12 ) hours to travel the third quarter mile. sam take ( 8 * 8 + 2 ) hours to travel the fourth half of the trip. sam take ( 8 * 1 / 12 ) hours to travel the third quarter mile. sam take ( 8 * 7 + 1 / 12 ) hours to travel the second half. sam take ( 8 + 1 / 12 ) hours to travel the second half. sam take ( 8 * 1 / 12 ) hours to travel the third half of the trip. sam take ( 8 * 1 / 12 ) hours to travel the third half of the trip. sam take ( 8 * 1 / 12 ) hours to travel the fourth half of the trip. sam take ( 8 / 12 ) hours to travel the fourth half. sam take ( 8 + 1 / 12 ) hours. sam take ( 8 * 1 / 12 ) hours to travel']","(0.43, 71.0)",0.43,71.0,['Category: physics # speed in still water = ( 13 + 5 ) 1 / 2 kmph = 9 kmph. answer : b # ˆ š 9 m deep and 45 m wide is flowing at the rate of 4 kmph the amount of water that runs into the sea per minute is?'],"(0.45, 3.0)",0.45,3.0,category physic speed still water 13 5 1 2 kmph 9 kmph answer b ˆ š 9 deep 45 wide flowing rate 4 kmph amount water run sea per minute,0.3333333333333333,0.11111111111111112
27,27,578,2456,a man swims downstream 100 km and upstream 30 km taking 10 hours each time ; what is the speed of the current ?,"""100 - - - 10 ds = 10 ? - - - - 1 30 - - - - 10 us = 3 ? - - - - 1 s = ? s = ( 10 - 3 ) / 2 = 3.5 answer : b""","a ) 2.5 , b ) 3.5 , c ) 4.5 , d ) 5.3 , e ) 3.4",b,"divide(add(divide(30, 10), divide(100, 10)), const_2)","divide(n1,n2)|divide(n0,n2)|add(#0,#1)|divide(#2,const_2)|",physics,Category: physics # 100 - - - 10 ds = 10 ? - - - - 1 30 - - - - 10 us = 3 ? - - - - 1 s = ? s = ( 10 - 3 ) / 2 = 3.5 answer : b # ,Category: physics # 100 - - - 10 ds = 10 ? - - - - 1 30 - - - - 10 us = 3 ? - - - - 1 s = ? s = ( 10 - 3 ) / 2 = 3.5 answer : b # a man swims downstream 100 km and upstream 30 km taking 10 hours each time ; what is the speed of the current ?,category physics 100 10 ds 10 1 30 10 us 3 1 10 3 2 35 answer b man swims downstream 100 km upstream 30 km taking 10 hours time speed current,3,['Category: physics # 100 - - - 10 ds = 10? - - - - 1 30 - - - - 10 us = 3? - - - - 1 s =? s = ( 10 - 3 ) / 2 = 3.5 answer : b # т makes 100 meters in 10 seconds and 30 seconds in each second. т makes 100 meters in 5 seconds. how many seconds will it take to make 30 meters?'],"(0.56, 13.0)",0.56,13.0,['Category: physics # 100 - - - 10 ds = 10? - - - - 1 30 - - - - 10 us = 3? - - - - 1 s =? s = ( 10 - 3 ) / 2 = 3.5 answer : b # ˆ š 2 hours each time ; what is the speed of the current?'],"(0.73, 12.0)",0.73,12.0,category physic 100 10 d 10 1 30 10 u 3 1 10 3 2 35 answer b ˆ š 2 hour time speed current,0.7142857142857143,0.11697530864197532
28,28,581,2464,what is the speed of the stream if a canoe rows upstream at 6 km / hr and downstream at 12 km / hr,"""sol . speed of stream = 1 / 2 ( 12 - 6 ) kmph = 3 kmph . answer c""","a ) 1 kmph , b ) 4 kmph , c ) 3 kmph , d ) 2 kmph , e ) 1.9 kmph",c,"divide(subtract(12, 6), const_2)","subtract(n1,n0)|divide(#0,const_2)|",physics,Category: physics # sol . speed of stream = 1 / 2 ( 12 - 6 ) kmph = 3 kmph . answer c # ,Category: physics # sol . speed of stream = 1 / 2 ( 12 - 6 ) kmph = 3 kmph . answer c # what is the speed of the stream if a canoe rows upstream at 6 km / hr and downstream at 12 km / hr,category physics sol speed stream 1 2 12 6 kmph 3 kmph answer c speed stream canoe rows upstream 6 km hr downstream 12 km hr,3,"['Category: physics # sol. speed of stream = 1 / 2 ( 12 - 6 ) kmph = 3 kmph. answer c # т can travel downstream at 12 kmph and upstream at 6 kmph, but the boat goes 15 km in 6 hr. the sped of the stream is?']","(0.65, 4.0)",0.65,4.0,['Category: physics # sol. speed of stream = 1 / 2 ( 12 - 6 ) kmph = 3 kmph. answer c # ˆ š 25 - - 9 us = 1.5? - - 1 s =? s = ( 12.5 - 1.5 ) / 2 = 10.5 answer : e # what is the speed of the stream if a canoe rows upstream at 6 km / hr and downstream at 12 km / hr'],"(0.75, 6.0)",0.75,6.0,category physic sol speed stream 1 2 12 6 kmph 3 kmph answer c ˆ š 25 9 u 15 1 125 15 2 105 answer e speed stream canoe row upstream 6 km hr downstream 12 km hr,0.3333333333333333,0.33487654320987653
29,29,583,2467,speed of a boat in standing water is 10 kmph and speed of the stream is 1.5 kmph . a man can rows to a place at a distance of 105 km and comes back to the starting point . the total time taken by him is ?,"""speed upstream = 8.5 kmph speed downstream = 11.5 kmph total time taken = 105 / 8.5 + 105 / 11.5 = 21.48 hours answer is b""","a ) 20.48 hours , b ) 21.48 hours , c ) 22.48 hours , d ) 23.48 hours , e ) 24.48 hours",b,"add(multiply(add(add(10, 1.5), subtract(10, 1.5)), 105), multiply(subtract(add(divide(105, add(10, 1.5)), divide(105, subtract(10, 1.5))), add(add(10, 1.5), subtract(10, 1.5))), const_60))","add(n0,n1)|subtract(n0,n1)|add(#0,#1)|divide(n2,#0)|divide(n2,#1)|add(#3,#4)|multiply(n2,#2)|subtract(#5,#2)|multiply(#7,const_60)|add(#6,#8)|",physics,Category: physics # speed upstream = 8.5 kmph speed downstream = 11.5 kmph total time taken = 105 / 8.5 + 105 / 11.5 = 21.48 hours answer is b # ,Category: physics # speed upstream = 8.5 kmph speed downstream = 11.5 kmph total time taken = 105 / 8.5 + 105 / 11.5 = 21.48 hours answer is b # speed of a boat in standing water is 10 kmph and speed of the stream is 1.5 kmph . a man can rows to a place at a distance of 105 km and comes back to the starting point . the total time taken by him is ?,category physics speed upstream 85 kmph speed downstream 115 kmph total time taken 105 85 105 115 2148 hours answer b speed boat standing water 10 kmph speed stream 15 kmph man rows place distance 105 km comes back starting point total time taken,3,['Category: physics # speed upstream = 8.5 kmph speed downstream = 11.5 kmph total time taken = 105 / 8.5 + 105 / 11.5 = 21.48 hours answer is b # ʵ œ speed of a boat in still water is 8.5 kmph. the speed of the stream in still water ( in kmph ) is :'],"(0.76, 2.0)",0.76,2.0,"['Category: physics # speed upstream = 8.5 kmph speed downstream = 11.5 kmph total time taken = 105 / 8.5 + 105 / 11.5 = 21.48 hours answer is b # ˆ š ’ 8.5 hours answer is a river boat can travel with a speed of 16 km / hr in still water. if the speed of the stream is 4 kmph and the speed of the boat in still water is 8.5 kmph, find the speed of the stream?']","(0.47, 2.0)",0.47,2.0,category physic speed upstream 85 kmph speed downstream 115 kmph total time taken 105 85 105 115 2148 hour answer b ˆ š 85 hour answer river boat travel speed 16 km hr still water speed stream 4 kmph speed boat still water 85 kmph find speed stream,0.4761904761904761,0.1388888888888889
30,30,595,2525,"a swimmer can swim in still water at 4 km / h . if the speed of the water current is 2 km / h , how many hours will the swimmer take to swim against the current for 8 km ?","""the swimmer can swim against the current at a speed of 4 - 2 = 2 km / h . the time it will take is 8 / 2 = 4 hours . the answer is d .""","a ) 1 , b ) 2 , c ) 3 , d ) 4 , e ) 5",d,"divide(8, subtract(4, 2))","subtract(n0,n1)|divide(n2,#0)|",physics,Category: physics # the swimmer can swim against the current at a speed of 4 - 2 = 2 km / h . the time it will take is 8 / 2 = 4 hours . the answer is d . # ,"Category: physics # the swimmer can swim against the current at a speed of 4 - 2 = 2 km / h . the time it will take is 8 / 2 = 4 hours . the answer is d . # a swimmer can swim in still water at 4 km / h . if the speed of the water current is 2 km / h , how many hours will the swimmer take to swim against the current for 8 km ?",category physics swimmer swim current speed 4 2 2 km h time take 8 2 4 hours answer swimmer swim still water 4 km h speed water current 2 km h many hours swimmer take swim current 8 km,3,"['Category: physics # the swimmer can swim against the current at a speed of 4 - 2 = 2 km / h. the time it will take is 8 / 2 = 4 hours. the answer is d. # т can swim against the current at 4 km / h and downstream at 3 km / h, but swims back can swim in still water, but swims downstream at 4 km / h. how long will it take to swim against the current?']","(0.49, 2.0)",0.49,2.0,"['Category: physics # the swimmer can swim against the current at a speed of 4 - 2 = 2 km / h. the time it will take is 8 / 2 = 4 hours. the answer is d. # ˆ š 22. # a swimmer can swim in still water at 4 km / h. if the speed of the water current is 2 km / h, how many hours will the swimmer take to swim against the current for 8 km?']","(0.97, 0.0)",0.97,0.0,category physic swimmer swim current speed 4 2 2 km h time take 8 2 4 hour answer ˆ š 22 swimmer swim still water 4 km h speed water current 2 km h many hour swimmer take swim current 8 km,0.4285714285714285,0.1475308641975309
31,31,605,2587,the current in a river is 5 mph . a boat can travel 20 mph in still water . how far up the river can the boat travel if the round trip is to take 10 hours ?,"""upstream speed = 20 - 5 = 15 mph downstream speed = 20 + 5 = 25 mph d / 15 + d / 25 = 10 hours solving for d we get d = 93,75 answer : c""","a ) 69 miles , b ) 88 miles , c ) 93,75 miles , d ) 100 miles , e ) 112 miles",c,"divide(multiply(multiply(subtract(20, 5), add(20, 5)), 10), add(add(20, 5), subtract(20, 5)))","add(n0,n1)|subtract(n1,n0)|add(#0,#1)|multiply(#0,#1)|multiply(n2,#3)|divide(#4,#2)|",physics,"Category: physics # upstream speed = 20 - 5 = 15 mph downstream speed = 20 + 5 = 25 mph d / 15 + d / 25 = 10 hours solving for d we get d = 93,75 answer : c # ","Category: physics # upstream speed = 20 - 5 = 15 mph downstream speed = 20 + 5 = 25 mph d / 15 + d / 25 = 10 hours solving for d we get d = 93,75 answer : c # the current in a river is 5 mph . a boat can travel 20 mph in still water . how far up the river can the boat travel if the round trip is to take 10 hours ?",category physics upstream speed 20 5 15 mph downstream speed 20 5 25 mph 15 25 10 hours solving get 9375 answer c current river 5 mph boat travel 20 mph still water far river boat travel round trip take 10 hours,3,"['Category: physics # upstream speed = 20 - 5 = 15 mph downstream speed = 20 + 5 = 25 mph d / 15 + d / 25 = 10 hours solving for d we get d = 93,75 answer : c # т can travel downstream at 20 mph and upstream at 5 mph. the time it took the boat to go 15 mph was 10 hours. the distance traveled by him in still water for the first hour of the journey was 20 minutes. what was the distance traveled by the boat in still water ( in miles )?']","(0.55, 5.0)",0.55,5.0,"['Category: physics # upstream speed = 20 - 5 = 15 mph downstream speed = 20 + 5 = 25 mph d / 15 + d / 25 = 10 hours solving for d we get d = 93,75 answer : c # ˆ š 9 a river towards upstream in 5 hours. is?']","(0.82, 3.0)",0.82,3.0,category physic upstream speed 20 5 15 mph downstream speed 20 5 25 mph 15 25 10 hour solving get 9375 answer c ˆ š 9 river towards upstream 5 hour,0.6190476190476191,0.11635802469135803
32,32,649,2784,a boat having a length 5 m and breadth 2 m is floating on a lake . the boat sinks by 1 cm when a man gets on it . the mass of the man is :,"""explanation : volume of water displaced = ( 5 x 2 x 0.01 ) m 3 = 0.10 m 3 . ∴ mass of man = volume of water displaced x density of water = ( 0.10 x 1000 ) kg = 100 kg . answer : a""","a ) 100 kg , b ) 60 kg , c ) 72 kg , d ) 96 kg , e ) none of these",a,"multiply(multiply(multiply(5, 2), divide(1, const_100)), const_1000)","divide(n2,const_100)|multiply(n0,n1)|multiply(#0,#1)|multiply(#2,const_1000)|",physics,Category: physics # explanation : volume of water displaced = ( 5 x 2 x 0.01 ) m 3 = 0.10 m 3 . ∴ mass of man = volume of water displaced x density of water = ( 0.10 x 1000 ) kg = 100 kg . answer : a # ,Category: physics # explanation : volume of water displaced = ( 5 x 2 x 0.01 ) m 3 = 0.10 m 3 . ∴ mass of man = volume of water displaced x density of water = ( 0.10 x 1000 ) kg = 100 kg . answer : a # a boat having a length 5 m and breadth 2 m is floating on a lake . the boat sinks by 1 cm when a man gets on it . the mass of the man is :,category physics explanation volume water displaced 5 x 2 x 001 3 010 3 mass man volume water displaced x density water 010 x 1000 kg 100 kg answer boat length 5 breadth 2 floating lake boat sinks 1 cm man gets mass man,3,"['Category: physics # explanation : volume of water displaced = ( 5 x 2 x 0.01 ) m 3 = 0.10 m 3. ∴ mass of man = volume of water displaced x density of water = ( 0.10 x 1000 ) kg = 100 kg. answer : a # ʜ quarts of water is 0.01 gm in the water. if the weight of quarts of quarts of water is 10 % greater than the weight of gm, then the value of gm water becomes how much water?']","(0.6, 6.0)",0.6,6.0,['Category: physics # explanation : volume of water displaced = ( 5 x 2 x 0.01 ) m 3 = 0.10 m 3. ∴ mass of man = volume of water displaced x density of water = ( 0.10 x 1000 ) kg = 100 kg. answer : a # ˆ š 25 m deep and 45 m wide is flowing at the rate of 1 cmph the amount of water that runs into the sea per minute is?'],"(0.66, 6.0)",0.66,6.0,category physic explanation volume water displaced 5 x 2 x 001 3 010 3 mass man volume water displaced x density water 010 x 1000 kg 100 kg answer ˆ š 25 deep 45 wide flowing rate 1 cmph amount water run sea per minute,0.5714285714285714,0.08271604938271605
33,33,655,2805,"a man swims downstream 28 km and upstream 16 km taking 4 hours each time , what is the speed of the man in still water ?","""28 - - - 4 ds = 7 ? - - - - 1 16 - - - - 4 us = 4 ? - - - - 1 m = ? m = ( 7 + 4 ) / 2 = 5.5 answer : e""","a ) 6.5 , b ) 8.6 , c ) 7.5 , d ) 9.2 , e ) 5.5",e,"divide(add(divide(16, 4), divide(28, 4)), const_2)","divide(n1,n2)|divide(n0,n2)|add(#0,#1)|divide(#2,const_2)|",physics,Category: physics # 28 - - - 4 ds = 7 ? - - - - 1 16 - - - - 4 us = 4 ? - - - - 1 m = ? m = ( 7 + 4 ) / 2 = 5.5 answer : e # ,"Category: physics # 28 - - - 4 ds = 7 ? - - - - 1 16 - - - - 4 us = 4 ? - - - - 1 m = ? m = ( 7 + 4 ) / 2 = 5.5 answer : e # a man swims downstream 28 km and upstream 16 km taking 4 hours each time , what is the speed of the man in still water ?",category physics 28 4 ds 7 1 16 4 us 4 1 7 4 2 55 answer e man swims downstream 28 km upstream 16 km taking 4 hours time speed man still water,3,['Category: physics # 28 - - - 4 ds = 7? - - - - 1 16 - - - - 4 us = 4? - - - - 1 m =? m = ( 7 + 4 ) / 2 = 5.5 answer : e # ƫk « spends 4 hours per week on a job. she spends 7 hours per week on the job. she spends 1 hour per week on her new job and spends 4 hours per week on hers. how many hours per week does she spend on her new job?'],"(0.54, 11.0)",0.54,11.0,"['Category: physics # 28 - - - 4 ds = 7? - - - - 1 16 - - - - 4 us = 4? - - - - 1 m =? m = ( 7 + 4 ) / 2 = 5.5 answer : e # ˆ š 9 x = 1 and b = 4 kmph. answer : a # a man swims downstream 28 km and upstream 16 km taking 4 hours each time, what is the speed of the man in still water?']","(0.83, 13.0)",0.83,13.0,category physic 28 4 d 7 1 16 4 u 4 1 7 4 2 55 answer e ˆ š 9 x 1 b 4 kmph answer man swim downstream 28 km upstream 16 km taking 4 hour time speed man still water,0.7142857142857143,0.1820987654320988
34,34,658,2810,"a person can row at 10 kmph in still water . if the velocity of the current is 2 kmph and it takes him 25 hour to row to a place and come back , how far is the place ?","""speed of down stream = 10 + 2 = 12 kmph speed of upstream = 10 - 2 = 8 kmph let the required distance be xkm x / 12 + x / 8 = 25 2 x + 3 x = 600 x = 120 km answer is d""","a ) 24 km , b ) 30 km , c ) 48 km , d ) 120 km , e ) 15 km",d,"divide(multiply(multiply(subtract(10, 2), add(10, 2)), 25), add(subtract(10, 2), add(10, 2)))","add(n0,n1)|subtract(n0,n1)|add(#0,#1)|multiply(#0,#1)|multiply(n2,#3)|divide(#4,#2)|",physics,Category: physics # speed of down stream = 10 + 2 = 12 kmph speed of upstream = 10 - 2 = 8 kmph let the required distance be xkm x / 12 + x / 8 = 25 2 x + 3 x = 600 x = 120 km answer is d # ,"Category: physics # speed of down stream = 10 + 2 = 12 kmph speed of upstream = 10 - 2 = 8 kmph let the required distance be xkm x / 12 + x / 8 = 25 2 x + 3 x = 600 x = 120 km answer is d # a person can row at 10 kmph in still water . if the velocity of the current is 2 kmph and it takes him 25 hour to row to a place and come back , how far is the place ?",category physics speed stream 10 2 12 kmph speed upstream 10 2 8 kmph let required distance xkm x 12 x 8 25 2 x 3 x 600 x 120 km answer person row 10 kmph still water velocity current 2 kmph takes 25 hour row place come back far place,3,['Category: physics # speed of down stream = 10 + 2 = 12 kmph speed of upstream = 10 - 2 = 8 kmph let the required distance be xkm x / 12 + x / 8 = 25 2 x + 3 x = 600 x = 120 km answer is d # т moves down stream 10 km and 2 kmph. the total distance traveled by natasha is?'],"(0.73, 1.0)",0.73,1.0,"['Category: physics # speed of down stream = 10 + 2 = 12 kmph speed of upstream = 10 - 2 = 8 kmph let the required distance be xkm x / 12 + x / 8 = 25 2 x + 3 x = 600 x = 120 km answer is d # ˆ š 250000 - - - 5 us = 5 x = 30 x = the speed of the stream = ( 36 + 25 ) / 2 = 45 kmph answer : b # a person can row at 10 kmph in still water. if the velocity of the current is 2 kmph and it takes him 25 hour to row to a place and come back, how far is the place?']","(0.71, 11.0)",0.71,11.0,category physic speed stream 10 2 12 kmph speed upstream 10 2 8 kmph let required distance xkm x 12 x 8 25 2 x 3 x 600 x 120 km answer ˆ š 250000 5 u 5 x 30 x speed stream 36 25 2 45 kmph answer b person row 10 kmph still water velocity current 2 kmph take 25 hour row place come back far place,0.7619047619047619,0.3666666666666667
35,35,664,2839,"a boat can travel with a speed of 15 km / hr in still water . if the speed of the stream is 6 km / hr , find the time taken by the boat to go 86 km downstream .","""speed of boat in still water = 15 km / hr speed of the stream = 6 km / hr speed downstream = ( 15 + 6 ) = 21 km / hr time taken to travel 86 km downstream = 86 â  „ 16 = 17 â  „ 4 = 4.1 hours answer is a""","a ) 4.1 hr , b ) 5.25 hr , c ) 8.25 hr , d ) 2.25 hr , e ) 2.50 hr",a,"divide(86, add(15, 6))","add(n0,n1)|divide(n2,#0)|",physics,Category: physics # speed of boat in still water = 15 km / hr speed of the stream = 6 km / hr speed downstream = ( 15 + 6 ) = 21 km / hr time taken to travel 86 km downstream = 86 â  „ 16 = 17 â  „ 4 = 4.1 hours answer is a # ,"Category: physics # speed of boat in still water = 15 km / hr speed of the stream = 6 km / hr speed downstream = ( 15 + 6 ) = 21 km / hr time taken to travel 86 km downstream = 86 â  „ 16 = 17 â  „ 4 = 4.1 hours answer is a # a boat can travel with a speed of 15 km / hr in still water . if the speed of the stream is 6 km / hr , find the time taken by the boat to go 86 km downstream .",category physics speed boat still water 15 km hr speed stream 6 km hr speed downstream 15 6 21 km hr time taken travel 86 km downstream 86 â 16 17 â 4 41 hours answer boat travel speed 15 km hr still water speed stream 6 km hr find time taken boat go 86 km downstream,3,['Category: physics # speed of boat in still water = 15 km / hr speed of the stream = 6 km / hr speed downstream = ( 15 + 6 ) = 21 km / hr time taken to travel 86 km downstream = 86 â \x81 „ 16 = 17 â \x81 „ 4 = 4.1 hours answer is a # ʵ s speed and the speed of the boat in still water are 15 km / hr and 6 km / hr respectively. the time taken by the boat in still water and speed of the stream is?'],"(0.69, 1.0)",0.69,1.0,"['Category: physics # speed of boat in still water = 15 km / hr speed of the stream = 6 km / hr speed downstream = ( 15 + 6 ) = 21 km / hr time taken to travel 86 km downstream = 86 â \x81 „ 16 = 17 â \x81 „ 4 = 4.1 hours answer is a # ˆ š ’ x + y = ( x - y ) and time taken to travel a certain distance from a to b + time taken to travel the same distance upstream from b to c ( mid of a and b ) = 38 hours ⇒ x / 18 + ( x / 2 ) 10 = 38 ⇒ x / 18 + x / 20 = 38 ⇒ 19 x / 180 = 38 ⇒ x / 180 = 2 ⇒ x = 360 i. e., the distance between a and b = 360 i., 640 ( x + y ) - - - - ( i ) and time taken in downstream = d / ( x + y ) = 280 or d = 280 ( x + y ) - - - - ( ii ) comparing ( ii ) & ( ii ), 640 ( x - y ), 640 ( x + y ) = 280 ( x - y ) = 280 ( x + y ) = > 16 ( x - y ) = 7 ( x + y ) = > 16 x - 7 y = > 9 x = 23 y = > x / y = 23 / 9 answer : d # a boat running upstream takes 640 min to cover a certain distance, while it takes 280 min to row from a to b and back. what is the ratio between the speed of the boat and speed of water current respectively?']","(0.62, 32.0)",0.62,32.0,category physic speed boat still water 15 km hr speed stream 6 km hr speed downstream 15 6 21 km hr time taken travel 86 km downstream 86 â x81 16 17 â x81 4 41 hour answer ˆ š x x time taken travel certain distance b time taken travel distance upstream b c mid b 38 hour x 18 x 2 10 38 x 18 x 20 38 19 x 180 38 x 180 2 x 360 e distance b 360 640 x time taken downstream x 280 280 x ii comparing ii ii 640 x 640 x 280 x 280 x 16 x 7 x 16 x 7 9 x 23 x 23 9 answer boat running upstream take 640 min cover certain distance take 280 min row b back ratio speed boat speed water current respectively,0.6666666666666666,1.0
36,36,676,2892,the speed of the boat in still water in 12 kmph . it can travel downstream through 45 kms in 3 hrs . in what time would it cover the same distance upstream ?,still water = 12 km / hr downstream = 45 / 3 = 15 km / hr upstream = > > still water = ( u + v / 2 ) = > > 12 = u + 15 / 2 = 9 km / hr so time taken in upstream = 45 / 9 = 5 hrs answer : d,"a ) 8 hours , b ) 6 hours , c ) 4 hours , d ) 5 hours , e ) 6 hours",d,"divide(45, subtract(12, subtract(divide(45, 3), 12)))","divide(n1,n2)|subtract(#0,n0)|subtract(n0,#1)|divide(n1,#2)",physics,Category: physics # still water = 12 km / hr downstream = 45 / 3 = 15 km / hr upstream = > > still water = ( u + v / 2 ) = > > 12 = u + 15 / 2 = 9 km / hr so time taken in upstream = 45 / 9 = 5 hrs answer : d # ,Category: physics # still water = 12 km / hr downstream = 45 / 3 = 15 km / hr upstream = > > still water = ( u + v / 2 ) = > > 12 = u + 15 / 2 = 9 km / hr so time taken in upstream = 45 / 9 = 5 hrs answer : d # the speed of the boat in still water in 12 kmph . it can travel downstream through 45 kms in 3 hrs . in what time would it cover the same distance upstream ?,category physics still water 12 km hr downstream 45 3 15 km hr upstream still water u v 2 12 u 15 2 9 km hr time taken upstream 45 9 5 hrs answer speed boat still water 12 kmph travel downstream 45 kms 3 hrs time would cover distance upstream,3,['Category: physics # still water = 12 km / hr downstream = 45 / 3 = 15 km / hr upstream = > > still water = ( u + v / 2 ) = > > 12 = u + 15 / 2 = 9 km / hr so time taken in upstream = 45 / 9 = 5 hrs answer : d # ƫ can swim downstream 12 km / hr and upstream 45 km / hr. it takes him 2 hour longer to swim back. what is the time taken to swim back against the current for the current?'],"(0.59, 1.0)",0.59,1.0,"['Category: physics # still water = 12 km / hr downstream = 45 / 3 = 15 km / hr upstream = > > still water = ( u + v / 2 ) = > > 12 = u + 15 / 2 = 9 km / hr so time taken in upstream = 45 / 9 = 5 hrs answer : d # ˆ š 25 - - - 5 i. e., the distance between a and b = 360 km. answer : option c # the speed of the boat in still water in 12 kmph. it can travel downstream through 42 kms in 3 hrs. in what time would it cover the same distance upstream?']","(0.78, 6.0)",0.78,6.0,category physic still water 12 km hr downstream 45 3 15 km hr upstream still water u v 2 12 u 15 2 9 km hr time taken upstream 45 9 5 hr answer ˆ š 25 5 e distance b 360 km answer option c speed boat still water 12 kmph travel downstream 42 km 3 hr time would cover distance upstream,0.7142857142857143,0.2111111111111111
37,37,692,2945,a boat having a length 3 m and breadth 2 m is floating on a lake . the boat sinks by 1 cm when a man gets on it . the mass of the man is :,"""volume of water displaced = ( 3 x 2 x 0.01 ) m 3 = 0.06 m 3 . mass of man = volume of water displaced x density of water = ( 0.06 x 1000 ) kg = 60 kg . answer : option b""","a ) 12 kg , b ) 60 kg , c ) 72 kg , d ) 88 kg , e ) 96 kg",b,"multiply(multiply(multiply(3, 2), divide(1, const_100)), const_1000)","divide(n2,const_100)|multiply(n0,n1)|multiply(#0,#1)|multiply(#2,const_1000)|",physics,Category: physics # volume of water displaced = ( 3 x 2 x 0.01 ) m 3 = 0.06 m 3 . mass of man = volume of water displaced x density of water = ( 0.06 x 1000 ) kg = 60 kg . answer : option b # ,Category: physics # volume of water displaced = ( 3 x 2 x 0.01 ) m 3 = 0.06 m 3 . mass of man = volume of water displaced x density of water = ( 0.06 x 1000 ) kg = 60 kg . answer : option b # a boat having a length 3 m and breadth 2 m is floating on a lake . the boat sinks by 1 cm when a man gets on it . the mass of the man is :,category physics volume water displaced 3 x 2 x 001 3 006 3 mass man volume water displaced x density water 006 x 1000 kg 60 kg answer option b boat length 3 breadth 2 floating lake boat sinks 1 cm man gets mass man,3,"['Category: physics # volume of water displaced = ( 3 x 2 x 0.01 ) m 3 = 0.06 m 3. mass of man = volume of water displaced x density of water = ( 0.06 x 1000 ) kg = 60 kg. answer : option b # ʵ œ and ƫ can be empty only in the ratio 0 : 1 by volume, whereas ƫ ng together at the rate of 3 kg per day. if some of the men are left in a boat with an area costing 6 kg per day, then what is the weight of the boat?']","(0.6, 6.0)",0.6,6.0,['Category: physics # volume of water displaced = ( 3 x 2 x 0.01 ) m 3 = 0.06 m 3. mass of man = volume of water displaced x density of water = ( 0.06 x 1000 ) kg = 60 kg. answer : option b # ˆ š 25 m deep and 45 m wide is floating on a lake. the boat sinks by 1 cm when a man gets on it. the mass of the man is :'],"(0.83, 6.0)",0.83,6.0,category physic volume water displaced 3 x 2 x 001 3 006 3 mass man volume water displaced x density water 006 x 1000 kg 60 kg answer option b ˆ š 25 deep 45 wide floating lake boat sink 1 cm man get mass man,0.5714285714285714,0.08302469135802469
38,38,696,2967,"in one hour , a boat goes 11 km along the stream and 5 km against the stream . the speed of the boat in still water ( in km / hr ) is :","""solution speed in still water = 1 / 2 ( 11 + 5 ) kmph . = 8 kmph . answer c""","a ) 3 , b ) 5 , c ) 8 , d ) 9 , e ) 10",c,"divide(add(11, 5), const_2)","add(n0,n1)|divide(#0,const_2)|",physics,Category: physics # solution speed in still water = 1 / 2 ( 11 + 5 ) kmph . = 8 kmph . answer c # ,"Category: physics # solution speed in still water = 1 / 2 ( 11 + 5 ) kmph . = 8 kmph . answer c # in one hour , a boat goes 11 km along the stream and 5 km against the stream . the speed of the boat in still water ( in km / hr ) is :",category physics solution speed still water 1 2 11 5 kmph 8 kmph answer c one hour boat goes 11 km along stream 5 km stream speed boat still water km hr,3,"[""Category: physics # solution speed in still water = 1 / 2 ( 11 + 5 ) kmph. = 8 kmph. answer c # т rows to a place at the rate of 11 kmph and back to the starting point in 5 hours. if the distance between them is 23 km, then т's rate is?""]","(0.46, 1.0)",0.46,1.0,"['Category: physics # solution speed in still water = 1 / 2 ( 11 + 5 ) kmph. = 8 kmph. answer c # ˆ š 9 kmph. answer c # in one hour, a boat goes 11 km along the stream and 5 km against the stream. the speed of the boat in still water in ( km / hr ) is']","(0.9, 3.0)",0.9,3.0,category physic solution speed still water 1 2 11 5 kmph 8 kmph answer c ˆ š 9 kmph answer c one hour boat go 11 km along stream 5 km stream speed boat still water km hr,0.3333333333333333,0.1212962962962963
